A-Junior	A-Juniorin
Aachener	Aachenerin
Aarauer	Aarauerin
Aargauer	Aargauerin
Abbieger	Abbiegerin
Abbrecher	Abbrecherin
Abbrucharbeiter	Abbrucharbeiterin
Abbruchsieger	Abbruchsiegerin
Abdecker	Abdeckerin
Abendländer	Abendländerin
Abendschüler	Abendschülerin
Abenteurer	Abenteurerin
Abessinier	Abessinierin
Abfahrer	Abfahrerin
Abfahrtsläufer	Abfahrtsläuferin
Abfahrtstrainer	Abfahrtstrainerin
Abfahrtsweltmeister	Abfahrtsweltmeisterin
Abfallberater	Abfallberaterin
Abgänger	Abgängerin
Abholer	Abholerin
Abhörer	Abhörerin
Abhörspezialist	Abhörspezialistin
Abiturient	Abiturientin
Abkassierer	Abkassiererin
Ableser	Ableserin
Abmahner	Abmahnerin
ABMler	ABMlerin
Abnehmer	Abnehmerin
Abnicker	Abnickerin
Abolitionist	Abolitionistin
Abonnent	Abonnentin
Abräumer	Abräumerin
Abrichter	Abrichterin
Absahner	Absahnerin
Abschiebekandidat	Abschiebekandidatin
Abschlussprüfer	Abschlussprüferin
Abschreiber	Abschreiberin
Absender	Absenderin
Absolutist	Absolutistin
Absolvent	Absolventin
Abstauber	Abstauberin
Absteiger	Absteigerin
Abstiegskandidat	Abstiegskandidatin
Abstinenzler	Abstinenzlerin
Absurdist	Absurdistin
Abteilungschef	Abteilungschefin
Abteilungsdirektor	Abteilungsdirektorin
Abtreibungsgegner	Abtreibungsgegnerin
Abwäscher	Abwäscherin
Abwehrchef	Abwehrchefin
Abwehrspezialist	Abwehrspezialistin
Abwehrspieler	Abwehrspielerin
Abweichler	Abweichlerin
Abwerber	Abwerberin
Abwesenheitspfleger	Abwesenheitspflegerin
Abwickler	Abwicklerin
Abzocker	Abzockerin
Achäer	Achäerin
Achtelfinalist	Achtelfinalistin
Achtklässer	Achtklässerin
Achtklassler	Achtklasslerin
Achtklässler	Achtklässlerin
Achtundsechziger	Achtundsechzigerin
Achtundvierziger	Achtundvierzigerin
Achtziger	Achtzigerin
Ackerbürger	Ackerbürgerin
Actionheld	Actionheldin
Adamit	Adamitin
Adept	Adeptin
Adjunkt	Adjunktin
Adjutant	Adjutantin
Administrator	Administratorin
Adoptant	Adoptantin
Adressant	Adressantin
Adressat	Adressatin
Adressenhändler	Adressenhändlerin
Adventist	Adventistin
Advokat	Advokatin
Aerodynamiker	Aerodynamikerin
Aeronaut	Aeronautin
Aeronautiker	Aeronautikerin
Affineur	Affineurin
Afrikaander	Afrikaanderin
Afrikaner	Afrikanerin
Afrikanist	Afrikanistin
Afroamerikaner	Afroamerikanerin
Aftermieter	Aftermieterin
Agent	Agentin
Agentenführer	Agentenführerin
Aggressor	Aggressorin
Agitationsredner	Agitationsrednerin
Agitator	Agitatorin
Agnostiker	Agnostikerin
Agrarier	Agrarierin
Agrarkommissar	Agrarkommissarin
Agrarminister	Agrarministerin
Agrartechniker	Agrartechnikerin
Agrarwissenschafter	Agrarwissenschafterin
Agrarwissenschaftler	Agrarwissenschaftlerin
Agronom	Agronomin
Agrotechniker	Agrotechnikerin
Ägypter	Ägypterin
Ährenleser	Ährenleserin
Aidspatient	Aidspatientin
Akademiker	Akademikerin
Akkordarbeiter	Akkordarbeiterin
Akkordeonist	Akkordeonistin
Akquisiteur	Akquisiteurin
Akteur	Akteurin
Aktfotograf	Aktfotografin
Aktienbesitzer	Aktienbesitzerin
Aktienhändler	Aktienhändlerin
Aktieninhaber	Aktieninhaberin
Aktienspekulant	Aktienspekulantin
Aktionär	Aktionärin
Aktionärsschützer	Aktionärsschützerin
Aktionärsvertreter	Aktionärsvertreterin
Aktionist	Aktionistin
Aktionskünstler	Aktionskünstlerin
Aktivbürger	Aktivbürgerin
Aktivist	Aktivistin
Aktuar	Aktuarin
Akustiker	Akustikerin
Akutmediziner	Akutmedizinerin
AKW-Betreiber	AKW-Betreiberin
AKW-Gegner	AKW-Gegnerin
Akzeptant	Akzeptantin
Akzidenzsetzer	Akzidenzsetzerin
Alarmist	Alarmistin
Alawit	Alawitin
Albaner	Albanerin
Albigenser	Albigenserin
Alchemist	Alchemistin
Alevit	Alevitin
Alexandriner	Alexandrinerin
Algebraiker	Algebraikerin
Algerier	Algerierin
Alkoholgegner	Alkoholgegnerin
Alkoholsünder	Alkoholsünderin
Alkolenker	Alkolenkerin
Alleinbesitzer	Alleinbesitzerin
Alleineigentümer	Alleineigentümerin
Alleinerzieher	Alleinerzieherin
Alleinflieger	Alleinfliegerin
Alleingänger	Alleingängerin
Alleingesellschafter	Alleingesellschafterin
Alleinherr	Alleinherrin
Alleinherrscher	Alleinherrscherin
Alleininhaber	Alleininhaberin
Alleinspieler	Alleinspielerin
Alleintäter	Alleintäterin
Alleinunterhalter	Alleinunterhalterin
Alleinverdiener	Alleinverdienerin
Alleinvertreter	Alleinvertreterin
Allerbarmer	Allerbarmerin
Allergiker	Allergikerin
Allesbesserwisser	Allesbesserwisserin
Allesesser	Allesesserin
Allesfresser	Allesfresserin
Alleskönner	Alleskönnerin
Alleswisser	Alleswisserin
Allgäuer	Allgäuerin
Allgemeinmediziner	Allgemeinmedizinerin
Allianzpartner	Allianzpartnerin
Allopath	Allopathin
Allrounder	Allrounderin
Allroundmusiker	Allroundmusikerin
Allroundspieler	Allroundspielerin
Allroundsportler	Allroundsportlerin
Alltagsbegleiter	Alltagsbegleiterin
Almer	Almerin
Almosenempfänger	Almosenempfängerin
Alphabet	Alphabetin
Alphornbläser	Alphornbläserin
Alpingendarm	Alpingendarmin
Alpinist	Alpinistin
Alpinpolizist	Alpinpolizistin
Älpler	Älplerin
Altachtundsechziger	Altachtundsechzigerin
Altaktionär	Altaktionärin
Altardiener	Altardienerin
Altbayer	Altbayerin
Altbewerber	Altbewerberin
Altbundeskanzler	Altbundeskanzlerin
Altbundespräsident	Altbundespräsidentin
Altbundestrainer	Altbundestrainerin
Altbürger	Altbürgerin
Altbürgermeister	Altbürgermeisterin
Alteigentümer	Alteigentümerin
Altenaer	Altenaerin
Altenpfleger	Altenpflegerin
Altenteiler	Altenteilerin
Alternativler	Alternativlerin
Altersjubilar	Altersjubilarin
Alterspräsident	Alterspräsidentin
Altertümler	Altertümlerin
Altertumsforscher	Altertumsforscherin
Altertumswissenschaftler	Altertumswissenschaftlerin
Ältestenprediger	Ältestenpredigerin
Althändler	Althändlerin
Altkanzler	Altkanzlerin
Altkatholik	Altkatholikin
Altkleiderhändler	Altkleiderhändlerin
Altonaer	Altonaerin
Altrocker	Altrockerin
Altruist	Altruistin
Altsparer	Altsparerin
Altsprachler	Altsprachlerin
Alttestamentler	Alttestamentlerin
Altwarenhändler	Altwarenhändlerin
Amateur	Amateurin
Amateurboxer	Amateurboxerin
Amateurfilmer	Amateurfilmerin
Amateurfotograf	Amateurfotografin
Amateurfunker	Amateurfunkerin
Amateurfußballer	Amateurfußballerin
Amateursportler	Amateursportlerin
Ambassadeur	Ambassadeurin
Amerikanist	Amerikanistin
Amokfahrer	Amokfahrerin
Amokläufer	Amokläuferin
Amoralist	Amoralistin
Amsterdamer	Amsterdamerin
Amtschef	Amtschefin
Amtsdiener	Amtsdienerin
Amtsgerichtsdirektor	Amtsgerichtsdirektorin
Amtsgerichtspräsident	Amtsgerichtspräsidentin
Amtsinhaber	Amtsinhaberin
Amtsleiter	Amtsleiterin
Amtsnachfolger	Amtsnachfolgerin
Amtsrichter	Amtsrichterin
Amtsträger	Amtsträgerin
Amtsverweser	Amtsverweserin
Amtsvorgänger	Amtsvorgängerin
Amtsvorsteher	Amtsvorsteherin
Anabaptist	Anabaptistin
Anachronist	Anachronistin
Anakreontiker	Anakreontikerin
Analphabet	Analphabetin
Analysand	Analysandin
Analysator	Analysatorin
Analytiker	Analytikerin
Anarchist	Anarchistin
Anarchosyndikalist	Anarchosyndikalistin
Anästhesist	Anästhesistin
Anatolier	Anatolierin
Anatom	Anatomin
Anbeter	Anbeterin
Anbieter	Anbieterin
Andalusier	Andalusierin
Andorraner	Andorranerin
Anfänger	Anfängerin
Anfrager	Anfragerin
Angeber	Angeberin
Angler	Anglerin
Anglikaner	Anglikanerin
Anglist	Anglistin
Angloamerikaner	Angloamerikanerin
Anglokanadier	Anglokanadierin
Angolaner	Angolanerin
Angreifer	Angreiferin
Angrenzer	Angrenzerin
Angriffsspieler	Angriffsspielerin
Angstgegner	Angstgegnerin
Angstmacher	Angstmacherin
Anhaltiner	Anhaltinerin
Anhänger	Anhängerin
Anheizer	Anheizerin
Animator	Animatorin
Animist	Animistin
Ankäufer	Ankäuferin
Ankeraktionär	Ankeraktionärin
Ankermieter	Ankermieterin
Ankläger	Anklägerin
Anklagevertreter	Anklagevertreterin
Ankleider	Ankleiderin
Anlageberater	Anlageberaterin
Anlagenbauer	Anlagenbauerin
Anlagenführer	Anlagenführerin
Anleger	Anlegerin
Anleiter	Anleiterin
Anlieger	Anliegerin
Anmacher	Anmacherin
Anmelder	Anmelderin
Annalist	Annalistin
Annexionist	Annexionistin
Anpasser	Anpasserin
Anrainer	Anrainerin
Anreger	Anregerin
Anrufer	Anruferin
Ansager	Ansagerin
Anschaffer	Anschafferin
Anschieber	Anschieberin
Anschläger	Anschlägerin
Anschreiber	Anschreiberin
Anschwärzer	Anschwärzerin
Ansiedler	Ansiedlerin
Ansporner	Anspornerin
Ansprecher	Ansprecherin
Ansprechpartner	Ansprechpartnerin
Anstaltsleiter	Anstaltsleiterin
Anstifter	Anstifterin
Anstößer	Anstößerin
Anstreicher	Anstreicherin
Ansucher	Ansucherin
Antagonist	Antagonistin
Antänzer	Antänzerin
Anteilseigner	Anteilseignerin
Anthroposoph	Anthroposophin
Antialkoholiker	Antialkoholikerin
Antidemokrat	Antidemokratin
Antifaschist	Antifaschistin
Antiguaner	Antiguanerin
Antikommunist	Antikommunistin
Antimilitarist	Antimilitaristin
Antinomist	Antinomistin
Antiochier	Antiochierin
Antiquar	Antiquarin
Antiquitätensammler	Antiquitätensammlerin
Antisemit	Antisemitin
Antizionist	Antizionistin
Antragsgegner	Antragsgegnerin
Antragsteller	Antragstellerin
Antreiber	Antreiberin
Antwerpener	Antwerpenerin
Anwärter	Anwärterin
Anwohner	Anwohnerin
Anzettler	Anzettlerin
Aphasiker	Aphasikerin
Aphoristiker	Aphoristikerin
Apokalyptiker	Apokalyptikerin
Apologet	Apologetin
Apoplektiker	Apoplektikerin
Apostat	Apostatin
Apostel	Apostelin
Appellant	Appellantin
Appellat	Appellatin
Appenzeller	Appenzellerin
Applikant	Applikantin
Apulier	Apulierin
Aquanaut	Aquanautin
Aquarellist	Aquarellistin
Aquarellmaler	Aquarellmalerin
Aquarianer	Aquarianerin
Aquarienfreund	Aquarienfreundin
Aquarienliebhaber	Aquarienliebhaberin
Äquilibrist	Äquilibristin
Araber	Araberin
Arabist	Arabistin
Aragonier	Aragonierin
Aramäer	Aramäerin
Araukaner	Araukanerin
Arbeiterführer	Arbeiterführerin
Arbeiterfunktionär	Arbeiterfunktionärin
Arbeitervertreter	Arbeitervertreterin
Arbeiterveteran	Arbeiterveteranin
Arbeitgeber	Arbeitgeberin
Arbeitgebervertreter	Arbeitgebervertreterin
Arbeitnehmer	Arbeitnehmerin
Arbeitnehmervertreter	Arbeitnehmervertreterin
Arbeitsberater	Arbeitsberaterin
Arbeitsdirektor	Arbeitsdirektorin
Arbeitsemigrant	Arbeitsemigrantin
Arbeitsimmigrant	Arbeitsimmigrantin
Arbeitsinspektor	Arbeitsinspektorin
Arbeitsjubilar	Arbeitsjubilarin
Arbeitskamerad	Arbeitskameradin
Arbeitsmediziner	Arbeitsmedizinerin
Arbeitsminister	Arbeitsministerin
Arbeitsrechtler	Arbeitsrechtlerin
Arbeitsrichter	Arbeitsrichterin
Arbeitsvermittler	Arbeitsvermittlerin
Arbeitsvorbereiter	Arbeitsvorbereiterin
Archivassessor	Archivassessorin
Archivbenutzer	Archivbenutzerin
Archivdirektor	Archivdirektorin
Archivreferendar	Archivreferendarin
Argentinier	Argentinierin
Arianer	Arianerin
Arier	Arierin
Aristokrat	Aristokratin
Arithmetiker	Arithmetikerin
Arkadier	Arkadierin
Armeechef	Armeechefin
Armenier	Armenierin
Armenpfleger	Armenpflegerin
Armesünder	Armesünderin
Aroser	Aroserin
Arrangeur	Arrangeurin
Arrestant	Arrestantin
Arschkriecher	Arschkriecherin
Art-Direktor	Art-Direktorin
Artikelschreiber	Artikelschreiberin
Artillerist	Artilleristin
Artist	Artistin
Arzneimittelhersteller	Arzneimittelherstellerin
Arztbesucher	Arztbesucherin
Ärztebesucher	Ärztebesucherin
Ärztevertreter	Ärztevertreterin
Arzthelfer	Arzthelferin
Arztsekretär	Arztsekretärin
Aserbaidschaner	Aserbaidschanerin
Asiat	Asiatin
Askanier	Askanierin
Asket	Asketin
Asphaltliterat	Asphaltliteratin
Aspirant	Aspirantin
Assessor	Assessorin
Assetmanager	Assetmanagerin
Assistenzprofessor	Assistenzprofessorin
Assistenztrainer	Assistenztrainerin
Assyrer	Assyrerin
Assyrier	Assyrierin
Ästhet	Ästhetin
Ästhetiker	Ästhetikerin
Asthmatiker	Asthmatikerin
Astrophysiker	Astrophysikerin
Asturier	Asturierin
Asylant	Asylantin
Asylbewerber	Asylbewerberin
Asylgegner	Asylgegnerin
Asylwerber	Asylwerberin
Atheist	Atheistin
Athener	Athenerin
Äthiopier	Äthiopierin
Athlet	Athletin
Athletiker	Athletikerin
Atomgegner	Atomgegnerin
Atomist	Atomistin
Atomkraftgegner	Atomkraftgegnerin
Atomphysiker	Atomphysikerin
Atomwissenschaftler	Atomwissenschaftlerin
Attentäter	Attentäterin
Attizist	Attizistin
Ätzer	Ätzerin
Auditor	Auditorin
Aufbauhelfer	Aufbauhelferin
Aufbauspieler	Aufbauspielerin
Aufdecker	Aufdeckerin
Aufenthalter	Aufenthalterin
Aufgeber	Aufgeberin
Aufhetzer	Aufhetzerin
Aufkäufer	Aufkäuferin
Aufklärer	Aufklärerin
Auflader	Aufladerin
Aufleger	Auflegerin
Aufnahmeleiter	Aufnahmeleiterin
Aufpasser	Aufpasserin
Aufräumer	Aufräumerin
Aufreißer	Aufreißerin
Aufrührer	Aufrührerin
Aufschläger	Aufschlägerin
Aufschneider	Aufschneiderin
Aufsetzer	Aufsetzerin
Aufsichtsratschef	Aufsichtsratschefin
Aufsichtsratspräsident	Aufsichtsratspräsidentin
Aufsteiger	Aufsteigerin
Aufsteller	Aufstellerin
Aufstocker	Aufstockerin
Auftraggeber	Auftraggeberin
Auftragnehmer	Auftragnehmerin
Auftragskiller	Auftragskillerin
Aufwärter	Aufwärterin
Aufwiegler	Aufwieglerin
Aufzugführer	Aufzugführerin
Augenoptiker	Augenoptikerin
Augsburger	Augsburgerin
Augur	Augurin
Auktionator	Auktionatorin
Ausbeuter	Ausbeuterin
Ausbilder	Ausbilderin
Ausbildner	Ausbildnerin
Ausbrecher	Ausbrecherin
Ausbrecherkönig	Ausbrecherkönigin
Ausfahrer	Ausfahrerin
Ausflügler	Ausflüglerin
Ausfrager	Ausfragerin
Ausführer	Ausführerin
Ausgeher	Ausgeherin
Ausgleichsverwalter	Ausgleichsverwalterin
Ausgräber	Ausgräberin
Aushelfer	Aushelferin
Aushilfskellner	Aushilfskellnerin
Auskundschafter	Auskundschafterin
Ausländer	Ausländerin
Auslandschweizer	Auslandschweizerin
Auslandskorrespondent	Auslandskorrespondentin
Auslandsreporter	Auslandsreporterin
Ausnahmeathlet	Ausnahmeathletin
Ausnahmekünstler	Ausnahmekünstlerin
Ausnehmer	Ausnehmerin
Ausputzer	Ausputzerin
Ausreißer	Ausreißerin
Ausrichter	Ausrichterin
Ausrufer	Ausruferin
Ausrüster	Ausrüsterin
Ausschreier	Ausschreierin
Ausseer	Ausseerin
Außendienstler	Außendienstlerin
Außendienstmitarbeiter	Außendienstmitarbeiterin
Außenläufer	Außenläuferin
Außenminister	Außenministerin
Außenpolitiker	Außenpolitikerin
Außenseiter	Außenseiterin
Außenstürmer	Außenstürmerin
Außenverteidiger	Außenverteidigerin
Aussiedler	Aussiedlerin
Ausstatter	Ausstatterin
Aussteiger	Aussteigerin
Aussteller	Ausstellerin
Ausstellungsbesucher	Ausstellungsbesucherin
Ausstellungsmacher	Ausstellungsmacherin
Austauschprofessor	Austauschprofessorin
Austauschschüler	Austauschschülerin
Austauschstudent	Austauschstudentin
Austernfischer	Austernfischerin
Austräger	Austrägerin
Austrägler	Austräglerin
Australier	Australierin
Austromarxist	Austromarxistin
Auswahlspieler	Auswahlspielerin
Auswechselspieler	Auswechselspielerin
Auszügler	Auszüglerin
Autist	Autistin
Autobauer	Autobauerin
Autobesitzer	Autobesitzerin
Autobiograf	Autobiografin
Autodidakt	Autodidaktin
Autodieb	Autodiebin
Autofahrer	Autofahrerin
Autogrammjäger	Autogrammjägerin
Autohändler	Autohändlerin
Autohersteller	Autoherstellerin
Autokäufer	Autokäuferin
Autoknacker	Autoknackerin
Autokrat	Autokratin
Autolenker	Autolenkerin
Automatenknacker	Automatenknackerin
Automobilhersteller	Automobilherstellerin
Automobilist	Automobilistin
Automonteur	Automonteurin
Autonomist	Autonomistin
Autoschlosser	Autoschlosserin
Autospengler	Autospenglerin
Autostopper	Autostopperin
Autoverkäufer	Autoverkäuferin
Autovermieter	Autovermieterin
Avantgardist	Avantgardistin
Azorer	Azorerin
B-Junior	B-Juniorin
Babenberger	Babenbergerin
Babyboomer	Babyboomerin
Babylonier	Babylonierin
Bachelorabsolvent	Bachelorabsolventin
Bäckermeister	Bäckermeisterin
Backgroundmusiker	Backgroundmusikerin
Backpacker	Backpackerin
Bademeister	Bademeisterin
Baden-Badener	Baden-Badenerin
Baden-Württemberger	Baden-Württembergerin
Badener	Badenerin
Badenser	Badenserin
Badewärter	Badewärterin
Badmeister	Badmeisterin
Bafög-Empfänger	Bafög-Empfängerin
Bagdader	Bagdaderin
Baggerführer	Baggerführerin
Bahnarbeiter	Bahnarbeiterin
Bahnbrecher	Bahnbrecherin
Bahnchef	Bahnchefin
Bahnfahrer	Bahnfahrerin
Bähnler	Bähnlerin
Bahnmeister	Bahnmeisterin
Bahnpolizist	Bahnpolizistin
Bahnsprecher	Bahnsprecherin
Bahnwärter	Bahnwärterin
Bahrainer	Bahrainerin
Bakterienträger	Bakterienträgerin
Ballett-Tänzer	Ballett-Tänzerin
Ballettmeister	Ballettmeisterin
Balletttänzer	Balletttänzerin
Ballistiker	Ballistikerin
Ballkünstler	Ballkünstlerin
Ballonfahrer	Ballonfahrerin
Ballonführer	Ballonführerin
Ballspieler	Ballspielerin
Bamberger	Bambergerin
Banater	Banaterin
Bandagist	Bandagistin
Bandenchef	Bandenchefin
Bandenführer	Bandenführerin
Bändiger	Bändigerin
Bandit	Banditin
Bandleader	Bandleaderin
Bandweber	Bandweberin
Bandwirker	Bandwirkerin
Bangladescher	Bangladescherin
Bankberater	Bankberaterin
Bankchef	Bankchefin
Bankdirektor	Bankdirektorin
Bänkelsänger	Bänkelsängerin
Banker	Bankerin
Bänker	Bänkerin
Bankfachwirt	Bankfachwirtin
Bankhalter	Bankhalterin
Bankier	Bankierin
Bänkler	Bänklerin
Bankmanager	Bankmanagerin
Banknachbar	Banknachbarin
Bankräuber	Bankräuberin
Bankrotteur	Bankrotteurin
Bannerträger	Bannerträgerin
Bannwart	Bannwartin
Bantamgewichtler	Bantamgewichtlerin
Baptist	Baptistin
Bär	Bärin
Barackler	Baracklerin
Barbadier	Barbadierin
Barbar	Barbarin
Barceloner	Barcelonerin
Bärenführer	Bärenführerin
Barmer	Barmerin
Barmixer	Barmixerin
Baseballer	Baseballerin
Baselbieter	Baselbieterin
Baseler	Baselerin
Basketballer	Basketballerin
Basler	Baslerin
Bassgeiger	Bassgeigerin
Bastler	Bastlerin
Bauchredner	Bauchrednerin
Baudezernent	Baudezernentin
Bauführer	Bauführerin
Bauhandwerker	Bauhandwerkerin
Bauhelfer	Bauhelferin
Bauherr	Bauherrin
Baukünstler	Baukünstlerin
Bauleiter	Bauleiterin
Baumeister	Baumeisterin
Baumfrevler	Baumfrevlerin
Bauminister	Bauministerin
Baumwollpflücker	Baumwollpflückerin
Bauschlosser	Bauschlosserin
Bauschreiner	Bauschreinerin
Bausenator	Bausenatorin
Bausparer	Bausparerin
Bautechniker	Bautechnikerin
Bautischler	Bautischlerin
Bauträger	Bauträgerin
Bautzener	Bautzenerin
Bauwerber	Bauwerberin
Bauwerker	Bauwerkerin
Bauzeichner	Bauzeichnerin
Bayer	Bayerin
Bayreuther	Bayreutherin
Bazillenträger	Bazillenträgerin
Beachvolleyballer	Beachvolleyballerin
Beamtenanwärter	Beamtenanwärterin
Bearbeiter	Bearbeiterin
Beatboxer	Beatboxerin
Beckmesser	Beckmesserin
Bedenkenträger	Bedenkenträgerin
Bediener	Bedienerin
Bedränger	Bedrängerin
Bedrücker	Bedrückerin
Befehlsempfänger	Befehlsempfängerin
Befehlshaber	Befehlshaberin
Befrachter	Befrachterin
Befreier	Befreierin
Befürworter	Befürworterin
Begleiter	Begleiterin
Beglücker	Beglückerin
Begründer	Begründerin
Begutachter	Begutachterin
Behaviorist	Behavioristin
Beherrscher	Beherrscherin
Behindertensportler	Behindertensportlerin
Behördensprecher	Behördensprecherin
Behördenvertreter	Behördenvertreterin
Beidhänder	Beidhänderin
Beifahrer	Beifahrerin
Beiruter	Beiruterin
Beischlafdieb	Beischlafdiebin
Beischläfer	Beischläferin
Beisitzer	Beisitzerin
Beiträger	Beiträgerin
Beitragszahler	Beitragszahlerin
Beitrittskandidat	Beitrittskandidatin
Beitrittswerber	Beitrittswerberin
Beiwagenfahrer	Beiwagenfahrerin
Beizer	Beizerin
Bekehrer	Bekehrerin
Bekenner	Bekennerin
Beleidiger	Beleidigerin
Beleuchter	Beleuchterin
Belgier	Belgierin
Belgrader	Belgraderin
Belizer	Belizerin
Belletrist	Belletristin
Bellizist	Bellizistin
Beniner	Beninerin
Benutzer	Benutzerin
Benzinkutscher	Benzinkutscherin
Beobachter	Beobachterin
Berater	Beraterin
Berber	Berberin
Berchtesgadener	Berchtesgadenerin
Bereichsleiter	Bereichsleiterin
Bereiter	Bereiterin
Bergakademiker	Bergakademikerin
Bergassessor	Bergassessorin
Bergbewohner	Bergbewohnerin
Berggänger	Berggängerin
Bergingenieur	Bergingenieurin
Bergler	Berglerin
Berichter	Berichterin
Berichterstatter	Berichterstatterin
Berliner	Berlinerin
Bermuder	Bermuderin
Berner	Bernerin
Berserker	Berserkerin
Berufsanfänger	Berufsanfängerin
Berufsberater	Berufsberaterin
Berufsboxer	Berufsboxerin
Berufsdichter	Berufsdichterin
Berufseinsteiger	Berufseinsteigerin
Berufsfahrer	Berufsfahrerin
Berufsfotograf	Berufsfotografin
Berufsfußballer	Berufsfußballerin
Berufskraftfahrer	Berufskraftfahrerin
Berufsmusiker	Berufsmusikerin
Berufspendler	Berufspendlerin
Berufspolitiker	Berufspolitikerin
Berufsrevolutionär	Berufsrevolutionärin
Berufsrichter	Berufsrichterin
Berufsrückkehrer	Berufsrückkehrerin
Berufsschüler	Berufsschülerin
Berufsschullehrer	Berufsschullehrerin
Berufssoldat	Berufssoldatin
Berufsspieler	Berufsspielerin
Berufssportler	Berufssportlerin
Berufstrinker	Berufstrinkerin
Berufsverbrecher	Berufsverbrecherin
Berufungskläger	Berufungsklägerin
Berufungsrichter	Berufungsrichterin
Besatzer	Besatzerin
Besatzungssoldat	Besatzungssoldatin
Beschäftigungstherapeut	Beschäftigungstherapeutin
Beschatter	Beschatterin
Beschauer	Beschauerin
Beschirmer	Beschirmerin
Beschließer	Beschließerin
Beschreiber	Beschreiberin
Beschuldiger	Beschuldigerin
Beschützer	Beschützerin
Beschwerdeführer	Beschwerdeführerin
Beschwörer	Beschwörerin
Besenbinder	Besenbinderin
Besenmacher	Besenmacherin
Besetzer	Besetzerin
Besitzbürger	Besitzbürgerin
Besitzdiener	Besitzdienerin
Besitzer	Besitzerin
Besprecher	Besprecherin
Besserverdiener	Besserverdienerin
Besserwisser	Besserwisserin
Bestarbeiter	Bestarbeiterin
Bestbieter	Bestbieterin
Besteller	Bestellerin
Bestimmer	Bestimmerin
Bestsellerautor	Bestsellerautorin
Besucher	Besucherin
Betatester	Betatesterin
Beter	Beterin
Betonbauer	Betonbauerin
Betonierer	Betoniererin
Betörer	Betörerin
Betrachter	Betrachterin
Betreiber	Betreiberin
Betreuer	Betreuerin
Betreuungslehrer	Betreuungslehrerin
Betriebsberater	Betriebsberaterin
Betriebsdirektor	Betriebsdirektorin
Betriebsführer	Betriebsführerin
Betriebsingenieur	Betriebsingenieurin
Betriebsinhaber	Betriebsinhaberin
Betriebsprüfer	Betriebsprüferin
Betriebsratschef	Betriebsratschefin
Betriebswirt	Betriebswirtin
Betriebswirtschafter	Betriebswirtschafterin
Betriebswirtschaftler	Betriebswirtschaftlerin
Betrüger	Betrügerin
Bettler	Bettlerin
Bettnachbar	Bettnachbarin
Bettnässer	Bettnässerin
Bettschoner	Bettschonerin
Beurteiler	Beurteilerin
Beutelschneider	Beutelschneiderin
Bewacher	Bewacherin
Bewahrer	Bewahrerin
Bewerber	Bewerberin
Bewirtschafter	Bewirtschafterin
Bewohner	Bewohnerin
Bezahler	Bezahlerin
Bezieher	Bezieherin
Bezirksbürgermeister	Bezirksbürgermeisterin
Bezirkschef	Bezirkschefin
Bezirksleiter	Bezirksleiterin
Bezirksrichter	Bezirksrichterin
Bezirksvorsteher	Bezirksvorsteherin
Bezüger	Bezügerin
Bezwinger	Bezwingerin
Bhutaner	Bhutanerin
Biathlet	Biathletin
Bibelforscher	Bibelforscherin
Bibliograf	Bibliografin
Bibliotheksbenutzer	Bibliotheksbenutzerin
Bibliotheksdirektor	Bibliotheksdirektorin
Bibliothekshelfer	Bibliothekshelferin
Bibliotheksreferendar	Bibliotheksreferendarin
Biblizist	Biblizistin
Bielefelder	Bielefelderin
Bienenzüchter	Bienenzüchterin
Bierbrauer	Bierbrauerin
Biersieder	Biersiederin
Biertrinker	Biertrinkerin
Bierverleger	Bierverlegerin
Bieter	Bieterin
Bigamist	Bigamistin
Biker	Bikerin
Bilanzbuchhalter	Bilanzbuchhalterin
Bilanzprüfer	Bilanzprüferin
Bildautor	Bildautorin
Bildberichterstatter	Bildberichterstatterin
Bilderhändler	Bilderhändlerin
Bildersammler	Bildersammlerin
Bilderstürmer	Bilderstürmerin
Bildjournalist	Bildjournalistin
Bildmischer	Bildmischerin
Bildner	Bildnerin
Bildredakteur	Bildredakteurin
Bildreporter	Bildreporterin
Bildschirmarbeiter	Bildschirmarbeiterin
Bildschnitzer	Bildschnitzerin
Bildungsberater	Bildungsberaterin
Bildungsbürger	Bildungsbürgerin
Bildungsminister	Bildungsministerin
Bildungspolitiker	Bildungspolitikerin
Bildungssprecher	Bildungssprecherin
Billardspieler	Billardspielerin
Billiganbieter	Billiganbieterin
Billigstbieter	Billigstbieterin
Binder	Binderin
Binger	Bingerin
Binnenschiffer	Binnenschifferin
Biochemiker	Biochemikerin
Bioethiker	Bioethikerin
Biograf	Biografin
Biotechniker	Biotechnikerin
Bischofsvikar	Bischofsvikarin
Bittsteller	Bittstellerin
Bitzler	Bitzlerin
Bläser	Bläserin
Blasphemist	Blasphemistin
Blattmacher	Blattmacherin
Blaufahrer	Blaufahrerin
Blaukreuzler	Blaukreuzlerin
Blechbläser	Blechbläserin
Blechschlosser	Blechschlosserin
Blechschmied	Blechschmiedin
Blender	Blenderin
Blindenführer	Blindenführerin
Blindenlehrer	Blindenlehrerin
Blindspieler	Blindspielerin
Blitzmerker	Blitzmerkerin
Blockierer	Blockiererin
Blogger	Bloggerin
Bluffer	Blufferin
Blumenbinder	Blumenbinderin
Blumenfreund	Blumenfreundin
Blumenhändler	Blumenhändlerin
Blumenverkäufer	Blumenverkäuferin
Blumenzüchter	Blumenzüchterin
Bluter	Bluterin
Bluträcher	Bluträcherin
Blutsauger	Blutsaugerin
Blutspender	Blutspenderin
Boarder	Boarderin
Bobfahrer	Bobfahrerin
Bobpilot	Bobpilotin
Bobsportler	Bobsportlerin
Bochumer	Bochumerin
Bodenakrobat	Bodenakrobatin
Bodenleger	Bodenlegerin
Bodybuilder	Bodybuilderin
Bogenmacher	Bogenmacherin
Bogner	Bognerin
Böhmerwäldler	Böhmerwäldlerin
Bohrer	Bohrerin
Bolivianer	Bolivianerin
Bologneser	Bologneserin
Bolschewik	Bolschewikin
Bolschewist	Bolschewistin
Bolzer	Bolzerin
Bombenleger	Bombenlegerin
Bomberpilot	Bomberpilotin
Bonapartist	Bonapartistin
Bonbonmacher	Bonbonmacherin
Bonner	Bonnerin
Bootsbauer	Bootsbauerin
Bootseigner	Bootseignerin
Bootsverleiher	Bootsverleiherin
Bordelektriker	Bordelektrikerin
Bordellwirt	Bordellwirtin
Bordfunker	Bordfunkerin
Bordmechaniker	Bordmechanikerin
Börsenhändler	Börsenhändlerin
Börsenspekulant	Börsenspekulantin
Börsenvertreter	Börsenvertreterin
Börsenzocker	Börsenzockerin
Börsianer	Börsianerin
Bösewicht	Bösewichtin
Bosniak	Bosniakin
Bosnier	Bosnierin
Boss	Bossin
Bossierer	Bossiererin
Botaniker	Botanikerin
Botschafter	Botschafterin
Botschaftssekretär	Botschaftssekretärin
Botsuaner	Botsuanerin
Böttcher	Böttcherin
Böttchermeister	Böttchermeisterin
Bowler	Bowlerin
Boxweltmeister	Boxweltmeisterin
Boykotteur	Boykotteurin
Bozner	Boznerin
Brabanter	Brabanterin
Branchenbeobachter	Branchenbeobachterin
Branchenführer	Branchenführerin
Branchenkenner	Branchenkennerin
Branddirektor	Branddirektorin
Brandenburger	Brandenburgerin
Brandermittler	Brandermittlerin
Brandleger	Brandlegerin
Brandmanager	Brandmanagerin
Brandmeister	Brandmeisterin
Brandschützer	Brandschützerin
Brandstifter	Brandstifterin
Branntweinbrenner	Branntweinbrennerin
Brasilianer	Brasilianerin
Bratscher	Bratscherin
Bratschist	Bratschistin
Brauer	Brauerin
Braumeister	Braumeisterin
Braunschweiger	Braunschweigerin
Breakdancer	Breakdancerin
Bregenzer	Bregenzerin
Bremer	Bremerin
Bremser	Bremserin
Breslauer	Breslauerin
Brezelbäcker	Brezelbäckerin
Brezelverkäufer	Brezelverkäuferin
Brieffreund	Brieffreundin
Briefmarkensammler	Briefmarkensammlerin
Briefpartner	Briefpartnerin
Briefschreiber	Briefschreiberin
Briefträger	Briefträgerin
Briefzusteller	Briefzustellerin
Brigadeführer	Brigadeführerin
Brigadegeneral	Brigadegeneralin
Brigadeleiter	Brigadeleiterin
Brigadier	Brigadierin
Brillenträger	Brillenträgerin
Bringer	Bringerin
Brodler	Brodlerin
Broker	Brokerin
Brotbäcker	Brotbäckerin
Brötchengeber	Brötchengeberin
Brotgeber	Brotgeberin
Brotverdiener	Brotverdienerin
Bruchpilot	Bruchpilotin
Brückenbauer	Brückenbauerin
Bruddler	Bruddlerin
Brudermörder	Brudermörderin
Brunnenbauer	Brunnenbauerin
Brunnenvergifter	Brunnenvergifterin
Brüsseler	Brüsselerin
Brustschwimmer	Brustschwimmerin
Buchautor	Buchautorin
Buchbinder	Buchbinderin
Buchdrucker	Buchdruckerin
Bücherfreund	Bücherfreundin
Bücherliebhaber	Bücherliebhaberin
Bücherrevisor	Bücherrevisorin
Buchhändler	Buchhändlerin
Buchmacher	Buchmacherin
Buchprüfer	Buchprüferin
Büchsenmacher	Büchsenmacherin
Budapester	Budapesterin
Buddhist	Buddhistin
Budenbesitzer	Budenbesitzerin
Bügler	Büglerin
Buhler	Buhlerin
Bühnenarbeiter	Bühnenarbeiterin
Bühnenautor	Bühnenautorin
Bühnenbeleuchter	Bühnenbeleuchterin
Bühnenbildner	Bühnenbildnerin
Bühnendichter	Bühnendichterin
Bühnenkünstler	Bühnenkünstlerin
Bühnenmaler	Bühnenmalerin
Bühnenmeister	Bühnenmeisterin
Bühnentechniker	Bühnentechnikerin
Buhrufer	Buhruferin
Bukarester	Bukaresterin
Bukoliker	Bukolikerin
Bukowiner	Bukowinerin
Bulimiker	Bulimikerin
Bummelant	Bummelantin
Bummelstudent	Bummelstudentin
Bummler	Bummlerin
Bundesarbeitsminister	Bundesarbeitsministerin
Bundesaußenminister	Bundesaußenministerin
Bundesbürger	Bundesbürgerin
Bundesfamilienminister	Bundesfamilienministerin
Bundesfinanzminister	Bundesfinanzministerin
Bundesfreiwilligendienstler	Bundesfreiwilligendienstlerin
Bundesgeschäftsführer	Bundesgeschäftsführerin
Bundesgesundheitsminister	Bundesgesundheitsministerin
Bundesinnenminister	Bundesinnenministerin
Bundesjustizminister	Bundesjustizministerin
Bundeskanzler	Bundeskanzlerin
Bundeslehrer	Bundeslehrerin
Bundesligaspieler	Bundesligaspielerin
Bundesminister	Bundesministerin
Bundespolitiker	Bundespolitikerin
Bundespräsident	Bundespräsidentin
Bundesratspräsident	Bundesratspräsidentin
Bundessprecher	Bundessprecherin
Bundestagspräsident	Bundestagspräsidentin
Bundestrainer	Bundestrainerin
Bundesumweltminister	Bundesumweltministerin
Bundesverkehrsminister	Bundesverkehrsministerin
Bundesverteidigungsminister	Bundesverteidigungsministerin
Bundeswehrsoldat	Bundeswehrsoldatin
Bundeswirtschaftsminister	Bundeswirtschaftsministerin
Bündner	Bündnerin
Bündnispartner	Bündnispartnerin
Burgbewohner	Burgbewohnerin
Burgenländer	Burgenländerin
Burger	Burgerin
Bürger	Bürgerin
Bürgerrechtler	Bürgerrechtlerin
Bürgerrechtskämpfer	Bürgerrechtskämpferin
Bürgervertreter	Bürgervertreterin
Burgherr	Burgherrin
Burgunder	Burgunderin
Burkiner	Burkinerin
Bürokrat	Bürokratin
Büroleiter	Büroleiterin
Bürolist	Bürolistin
Bürovorsteher	Bürovorsteherin
Bürstenbinder	Bürstenbinderin
Bürstenmacher	Bürstenmacherin
Burundier	Burundierin
Buschneger	Buschnegerin
Busenfreund	Busenfreundin
Businesscoach	Businesscoachin
Büßer	Büßerin
Bußprediger	Bußpredigerin
Butler	Butlerin
Büttenredner	Büttenrednerin
Byzantiner	Byzantinerin
Byzantinist	Byzantinistin
Callcenteragent	Callcenteragentin
Calvinist	Calvinistin
Calwer	Calwerin
Campingfreund	Campingfreundin
Caravaner	Caravanerin
Caster	Casterin
Catcher	Catcherin
Celler	Cellerin
Cellist	Cellistin
Cellospieler	Cellospielerin
Center	Centerin
Centerspieler	Centerspielerin
Chaldäer	Chaldäerin
Chaot	Chaotin
Charakterdarsteller	Charakterdarstellerin
Charakterschauspieler	Charakterschauspielerin
Charakterspieler	Charakterspielerin
Chargenspieler	Chargenspielerin
Charismatiker	Charismatikerin
Charmeur	Charmeurin
Chartist	Chartistin
Chatter	Chatterin
Chauvinist	Chauvinistin
Checker	Checkerin
Chefankläger	Chefanklägerin
Chefberater	Chefberaterin
Chefcoach	Chefcoachin
Chefdirigent	Chefdirigentin
Chefdolmetscher	Chefdolmetscherin
Chefdramaturg	Chefdramaturgin
Cheffahrer	Cheffahrerin
Chefingenieur	Chefingenieurin
Chefkonstrukteur	Chefkonstrukteurin
Cheflektor	Cheflektorin
Chefökonom	Chefökonomin
Chefpilot	Chefpilotin
Chefredakteur	Chefredakteurin
Chefredaktor	Chefredaktorin
Cheftrainer	Cheftrainerin
Chefunterhändler	Chefunterhändlerin
Chemiearbeiter	Chemiearbeiterin
Chemiefacharbeiter	Chemiefacharbeiterin
Chemieingenieur	Chemieingenieurin
Chemielaborant	Chemielaborantin
Chemiewerker	Chemiewerkerin
Chemikant	Chemikantin
Chemnitzer	Chemnitzerin
Chemotechniker	Chemotechnikerin
Cherusker	Cheruskerin
Chicagoer	Chicagoerin
Chiliast	Chiliastin
Chiphersteller	Chipherstellerin
Choleriker	Cholerikerin
Chordirektor	Chordirektorin
Chorist	Choristin
Chorleiter	Chorleiterin
Chorregent	Chorregentin
Chorsänger	Chorsängerin
Christ	Christin
Christdemokrat	Christdemokratin
Christkatholik	Christkatholikin
Chroniker	Chronikerin
Chronist	Chronistin
Cineast	Cineastin
Clanchef	Clanchefin
Co-Autor	Co-Autorin
Co-Pilot	Co-Pilotin
Co-Produzent	Co-Produzentin
Co-Regisseur	Co-Regisseurin
Co-Trainer	Co-Trainerin
Coach	Coachin
Colmarer	Colmarerin
Comicheld	Comicheldin
Computerhersteller	Computerherstellerin
Computernutzer	Computernutzerin
Cosplayer	Cosplayerin
Cottbuser	Cottbuserin
Countrysänger	Countrysängerin
Cruiser	Cruiserin
Cupsieger	Cupsiegerin
Dadaist	Dadaistin
Damaszener	Damaszenerin
Damenschneider	Damenschneiderin
Damentrainer	Damentrainerin
Danziger	Danzigerin
Darlehensgeber	Darlehensgeberin
Darlehensnehmer	Darlehensnehmerin
Darmstädter	Darmstädterin
Darsteller	Darstellerin
Darter	Darterin
Darwinist	Darwinistin
Datenanalyst	Datenanalystin
Datenerfasser	Datenerfasserin
Datenjournalist	Datenjournalistin
Datenschützer	Datenschützerin
Datentechniker	Datentechnikerin
Datentypist	Datentypistin
Datenwissenschaftler	Datenwissenschaftlerin
Dauermieter	Dauermieterin
Dauerparker	Dauerparkerin
Dauerredner	Dauerrednerin
Daumenlutscher	Daumenlutscherin
Davoser	Davoserin
DDR-Bürger	DDR-Bürgerin
Dealer	Dealerin
Debatter	Debatterin
Debattierer	Debattiererin
Debitor	Debitorin
Debütant	Debütantin
Deckoffizier	Deckoffizierin
Deckungsspieler	Deckungsspielerin
Defätist	Defätistin
Defensivspieler	Defensivspielerin
Defraudant	Defraudantin
Degenfechter	Degenfechterin
Deichläufer	Deichläuferin
Deist	Deistin
Dekan	Dekanin
Deklamator	Deklamatorin
Dekonstruktivist	Dekonstruktivistin
Dekorateur	Dekorateurin
Dekorationsmaler	Dekorationsmalerin
Delegat	Delegatin
Delegationschef	Delegationschefin
Delegationsleiter	Delegationsleiterin
Delegationsteilnehmer	Delegationsteilnehmerin
Delfinforscher	Delfinforscherin
Delfter	Delfterin
Delinquent	Delinquentin
Demissionär	Demissionärin
Demograf	Demografin
Demokrat	Demokratin
Demonstrationsteilnehmer	Demonstrationsteilnehmerin
Demonstrator	Demonstratorin
Demoskop	Demoskopin
Denker	Denkerin
Denkmalpfleger	Denkmalpflegerin
Denkmalschützer	Denkmalschützerin
Denkmalspfleger	Denkmalspflegerin
Denksportler	Denksportlerin
Dentist	Dentistin
Denunziant	Denunziantin
Deponiebetreiber	Deponiebetreiberin
Depositar	Depositarin
Depositär	Depositärin
Depressionspatient	Depressionspatientin
Deputant	Deputantin
Derbysieger	Derbysiegerin
Derivatehändler	Derivatehändlerin
Deserteur	Deserteurin
Despot	Despotin
Dessauer	Dessauerin
Destillateur	Destillateurin
Detailhändler	Detailhändlerin
Detaillist	Detaillistin
Determinist	Deterministin
Deuter	Deuterin
Deutler	Deutlerin
Deutschamerikaner	Deutschamerikanerin
Deutschenfeind	Deutschenfeindin
Deutschenfresser	Deutschenfresserin
Deutschenfreund	Deutschenfreundin
Deutschenhasser	Deutschenhasserin
Deutschland-Geschäftsführer	Deutschland-Geschäftsführerin
Deutschlandchef	Deutschlandchefin
Deutschlehrer	Deutschlehrerin
Deutschrocker	Deutschrockerin
Deutschschweizer	Deutschschweizerin
Deutschtümler	Deutschtümlerin
Devisenanalyst	Devisenanalystin
Devisenhändler	Devisenhändlerin
Devisenmakler	Devisenmaklerin
Devotionalienhändler	Devotionalienhändlerin
Dezernatsleiter	Dezernatsleiterin
Dezernent	Dezernentin
DGB-Chef	DGB-Chefin
Diabetiker	Diabetikerin
Diagnostiker	Diagnostikerin
Dialektdichter	Dialektdichterin
Dialektforscher	Dialektforscherin
Dialektiker	Dialektikerin
Dialektsprecher	Dialektsprecherin
Dialogautor	Dialogautorin
Dialogist	Dialogistin
Dialogpartner	Dialogpartnerin
Dialysepatient	Dialysepatientin
Diamantenhändler	Diamantenhändlerin
Diamantenschleifer	Diamantenschleiferin
Diamantschleifer	Diamantschleiferin
Diätassistent	Diätassistentin
Diätendozent	Diätendozentin
Dichterfreund	Dichterfreundin
Dichterfürst	Dichterfürstin
Dichterkomponist	Dichterkomponistin
Didaktiker	Didaktikerin
Dienstanbieter	Dienstanbieterin
Diensteanbieter	Diensteanbieterin
Dienstgeber	Dienstgeberin
Dienstgruppenleiter	Dienstgruppenleiterin
Dienstherr	Dienstherrin
Dienstleister	Dienstleisterin
Dienstleistungsanbieter	Dienstleistungsanbieterin
Dienstnehmer	Dienstnehmerin
Dienststellenleiter	Dienststellenleiterin
Dieselfahrer	Dieselfahrerin
Digitalfotograf	Digitalfotografin
Digitalisierer	Digitalisiererin
Digitalminister	Digitalministerin
Diktator	Diktatorin
Diktierer	Diktiererin
Dilettant	Dilettantin
Diplom-Betriebswirt	Diplom-Betriebswirtin
Diplom-Bibliothekar	Diplom-Bibliothekarin
Diplom-Chemiker	Diplom-Chemikerin
Diplom-Gewerbelehrer	Diplom-Gewerbelehrerin
Diplom-Handelslehrer	Diplom-Handelslehrerin
Diplom-Informatiker	Diplom-Informatikerin
Diplom-Ingenieur	Diplom-Ingenieurin
Diplom-Jurist	Diplom-Juristin
Diplom-Landwirt	Diplom-Landwirtin
Diplom-Mathematiker	Diplom-Mathematikerin
Diplom-Ökonom	Diplom-Ökonomin
Diplom-Physiker	Diplom-Physikerin
Diplom-Sportlehrer	Diplom-Sportlehrerin
Diplom-Volkswirt	Diplom-Volkswirtin
Diplom-Wirtschaftsingenieur	Diplom-Wirtschaftsingenieurin
Diplomand	Diplomandin
Diplomatiker	Diplomatikerin
Direktionsassistent	Direktionsassistentin
Direktkandidat	Direktkandidatin
Direktor	Direktorin
Direktstudent	Direktstudentin
Direktvermarkter	Direktvermarkterin
Discgolfer	Discgolferin
Discobesucher	Discobesucherin
Discogänger	Discogängerin
Discounter	Discounterin
Diskothekenbesucher	Diskothekenbesucherin
Diskussionsleiter	Diskussionsleiterin
Diskussionspartner	Diskussionspartnerin
Diskussionsredner	Diskussionsrednerin
Diskussionsteilnehmer	Diskussionsteilnehmerin
Diskuswerfer	Diskuswerferin
Diskutant	Diskutantin
Dispatcher	Dispatcherin
Disponent	Disponentin
Disputant	Disputantin
Disputierer	Disputiererin
Disqualifikationssieger	Disqualifikationssiegerin
Dissident	Dissidentin
Distributor	Distributorin
Distriktvorsteher	Distriktvorsteherin
Dithmarscher	Dithmarscherin
Diversant	Diversantin
Divisionär	Divisionärin
Divisionist	Divisionistin
DLV-Chef	DLV-Chefin
DLV-Präsident	DLV-Präsidentin
DLV-Vizepräsident	DLV-Vizepräsidentin
Dogmatiker	Dogmatikerin
Doktorand	Doktorandin
Doktoringenieur	Doktoringenieurin
Dokumentalist	Dokumentalistin
Dokumentarfilmer	Dokumentarfilmerin
Dokumentarfotograf	Dokumentarfotografin
Dokumentator	Dokumentatorin
Dollarmillionär	Dollarmillionärin
Dolmetsch	Dolmetschin
Dombaumeister	Dombaumeisterin
Domestik	Domestikin
Domherr	Domherrin
Dominator	Dominatorin
Dominicaner	Dominicanerin
Dominikaner	Dominikanerin
Domorganist	Domorganistin
Dompfarrer	Dompfarrerin
Domprediger	Dompredigerin
Domstädter	Domstädterin
Donator	Donatorin
Donkosak	Donkosakin
Doper	Doperin
Dopingfahnder	Dopingfahnderin
Dopingkontrolleur	Dopingkontrolleurin
Dopingsünder	Dopingsünderin
Doppelagent	Doppelagentin
Doppelbürger	Doppelbürgerin
Doppelgänger	Doppelgängerin
Doppelmeister	Doppelmeisterin
Doppelminister	Doppelministerin
Doppelmörder	Doppelmörderin
Doppelolympiasieger	Doppelolympiasiegerin
Doppelpartner	Doppelpartnerin
Doppelsieger	Doppelsiegerin
Doppelspion	Doppelspionin
Doppelstaater	Doppelstaaterin
Doppelstaatler	Doppelstaatlerin
Doppelstopper	Doppelstopperin
Doppelverdiener	Doppelverdienerin
Doppelweltmeister	Doppelweltmeisterin
Doppelzüngler	Doppelzünglerin
Dorfbewohner	Dorfbewohnerin
Dorfbürgermeister	Dorfbürgermeisterin
Dorfchef	Dorfchefin
Dorflehrer	Dorflehrerin
Dörfler	Dörflerin
Dorfpfarrer	Dorfpfarrerin
Dorfpolizist	Dorfpolizistin
Dorfrichter	Dorfrichterin
Dorfschullehrer	Dorfschullehrerin
Dorfschulmeister	Dorfschulmeisterin
Dorfvorsteher	Dorfvorsteherin
Dortmunder	Dortmunderin
Dozent	Dozentin
dpa-Korrespondent	dpa-Korrespondentin
dpa-Mitarbeiter	dpa-Mitarbeiterin
Drachenflieger	Drachenfliegerin
Drachenreiter	Drachenreiterin
Drachentöter	Drachentöterin
Drahtseilkünstler	Drahtseilkünstlerin
Drahtzieher	Drahtzieherin
Dramatiker	Dramatikerin
Dramaturg	Dramaturgin
Dränger	Drängerin
Drängler	Dränglerin
Draufgänger	Draufgängerin
Drechsler	Drechslerin
Drechslermeister	Drechslermeisterin
Drehbuchschreiber	Drehbuchschreiberin
Dreher	Dreherin
Drehorgelspieler	Drehorgelspielerin
Dreispringer	Dreispringerin
Dreißiger	Dreißigerin
Dreisternegeneral	Dreisternegeneralin
Drescher	Drescherin
Dresdener	Dresdenerin
Dresser	Dresserin
Dresseur	Dresseurin
Dressurreiter	Dressurreiterin
Dribbelkünstler	Dribbelkünstlerin
Dribbler	Dribblerin
Drifter	Drifterin
Drittanbieter	Drittanbieterin
Drittligist	Drittligistin
Drittschuldner	Drittschuldnerin
Drogenbaron	Drogenbaronin
Drogenberater	Drogenberaterin
Drogendealer	Drogendealerin
Drogenfahnder	Drogenfahnderin
Drogenhelfer	Drogenhelferin
Drogenkonsument	Drogenkonsumentin
Drogenkurier	Drogenkurierin
Drogenschmuggler	Drogenschmugglerin
Drogist	Drogistin
Drohnenpilot	Drohnenpilotin
Droschkenkutscher	Droschkenkutscherin
Drückeberger	Drückebergerin
Drucker	Druckerin
Drücker	Drückerin
Druckerhersteller	Druckerherstellerin
Drummer	Drummerin
DSB-Präsident	DSB-Präsidentin
Dschibutier	Dschibutierin
Dualist	Dualistin
Dubaier	Dubaierin
Duckmäuser	Duckmäuserin
Dudelsackpfeifer	Dudelsackpfeiferin
Dudelsackspieler	Dudelsackspielerin
Dudler	Dudlerin
Duellant	Duellantin
Duisburger	Duisburgerin
Dulder	Dulderin
Dummschwätzer	Dummschwätzerin
Dünnbrettbohrer	Dünnbrettbohrerin
Durchblicker	Durchblickerin
Durchbrenner	Durchbrennerin
Durchdiener	Durchdienerin
Durchfaller	Durchfallerin
Durchgänger	Durchgängerin
Durchschnittsbürger	Durchschnittsbürgerin
Durchschnittsleser	Durchschnittsleserin
Durchschnittsschüler	Durchschnittsschülerin
Durchschnittsverdiener	Durchschnittsverdienerin
Durchstarter	Durchstarterin
Düsseldorfer	Düsseldorferin
Duzfreund	Duzfreundin
Dynamiker	Dynamikerin
Dynast	Dynastin
Echternacher	Echternacherin
Eckensteher	Eckensteherin
Ecuadorianer	Ecuadorianerin
Edelkommunist	Edelkommunistin
Edelreservist	Edelreservistin
Edelsteinschleifer	Edelsteinschleiferin
Editor	Editorin
Effektenhändler	Effektenhändlerin
Effektenmakler	Effektenmaklerin
Effekthascher	Effekthascherin
Egerländer	Egerländerin
Egoist	Egoistin
Egozentriker	Egozentrikerin
Eheanbahner	Eheanbahnerin
Eheaspirant	Eheaspirantin
Eheberater	Eheberaterin
Ehebrecher	Ehebrecherin
Ehefeind	Ehefeindin
Ehegemahl	Ehegemahlin
Eheherr	Eheherrin
Ehekandidat	Ehekandidatin
Ehemakler	Ehemaklerin
Ehepartner	Ehepartnerin
Ehestifter	Ehestifterin
Ehevermittler	Ehevermittlerin
Ehrabschneider	Ehrabschneiderin
Ehrenamtler	Ehrenamtlerin
Ehrenämtler	Ehrenämtlerin
Ehrenbürger	Ehrenbürgerin
Ehrendoktor	Ehrendoktorin
Ehrenkonsul	Ehrenkonsulin
Ehrenpräsident	Ehrenpräsidentin
Ehrenretter	Ehrenretterin
Ehrenrichter	Ehrenrichterin
Ehrensenator	Ehrensenatorin
Ehrenspielführer	Ehrenspielführerin
Ehrgeizler	Ehrgeizlerin
Eicher	Eicherin
Eichmeister	Eichmeisterin
Eichsfelder	Eichsfelderin
Eideshelfer	Eideshelferin
Eierhändler	Eierhändlerin
Eifeler	Eifelerin
Eifler	Eiflerin
Eigenbesitzer	Eigenbesitzerin
Eigenbrötler	Eigenbrötlerin
Eigenheimbesitzer	Eigenheimbesitzerin
Eigenheimer	Eigenheimerin
Eigentümer	Eigentümerin
Eigentümervertreter	Eigentümervertreterin
Eigner	Eignerin
Eilzusteller	Eilzustellerin
Einbläser	Einbläserin
Einbrecher	Einbrecherin
Einfädler	Einfädlerin
Einflieger	Einfliegerin
Einführer	Einführerin
Einhandsegler	Einhandseglerin
Einheizer	Einheizerin
Einhelfer	Einhelferin
Einiger	Einigerin
Einkäufer	Einkäuferin
Einkommensmillionär	Einkommensmillionärin
Einlader	Einladerin
Einleger	Einlegerin
Einlieger	Einliegerin
Einnehmer	Einnehmerin
Einparker	Einparkerin
Einpauker	Einpaukerin
Einpeitscher	Einpeitscherin
Einpendler	Einpendlerin
Einradfahrer	Einradfahrerin
Einrichter	Einrichterin
Einroller	Einrollerin
Einsager	Einsagerin
Einsatzleiter	Einsatzleiterin
Einschaler	Einschalerin
Einschmeichler	Einschmeichlerin
Einsender	Einsenderin
Einsiedler	Einsiedlerin
Einspänner	Einspännerin
Einsprecher	Einsprecherin
Einsteiger	Einsteigerin
Eintänzer	Eintänzerin
Eintreiber	Eintreiberin
Einweiser	Einweiserin
Einwerfer	Einwerferin
Einwinker	Einwinkerin
Einwohner	Einwohnerin
Einzahler	Einzahlerin
Einzelaktionär	Einzelaktionärin
Einzelfahrer	Einzelfahrerin
Einzelfechter	Einzelfechterin
Einzelgänger	Einzelgängerin
Einzelhändler	Einzelhändlerin
Einzelkämpfer	Einzelkämpferin
Einzelläufer	Einzelläuferin
Einzelrichter	Einzelrichterin
Einzelsänger	Einzelsängerin
Einzelsieger	Einzelsiegerin
Einzelspieler	Einzelspielerin
Einzelstarter	Einzelstarterin
Einzeltäter	Einzeltäterin
Einzelunternehmer	Einzelunternehmerin
Eisangler	Eisanglerin
Eisbär	Eisbärin
Eisenacher	Eisenacherin
Eisenarbeiter	Eisenarbeiterin
Eisenbahnarbeiter	Eisenbahnarbeiterin
Eisenbahner	Eisenbahnerin
Eisenbahnschaffner	Eisenbahnschaffnerin
Eisenbahnwärter	Eisenbahnwärterin
Eisenbeißer	Eisenbeißerin
Eisenfresser	Eisenfresserin
Eisengießer	Eisengießerin
Eisenhändler	Eisenhändlerin
Eisenwarenhändler	Eisenwarenhändlerin
Eishockeyspieler	Eishockeyspielerin
Eiskonditor	Eiskonditorin
Eislebener	Eislebenerin
Eisleber	Eisleberin
Eisschnellläufer	Eisschnellläuferin
Eistänzer	Eistänzerin
Eisverkäufer	Eisverkäuferin
Eklektiker	Eklektikerin
Ekstatiker	Ekstatikerin
Elefant	Elefantin
Elefantenführer	Elefantenführerin
Elefantentreiber	Elefantentreiberin
Elegiendichter	Elegiendichterin
Elegiker	Elegikerin
Elektor	Elektorin
Elektrizitätserzeuger	Elektrizitätserzeugerin
Elektroingenieur	Elektroingenieurin
Elektroinstallateur	Elektroinstallateurin
Elektromaschinenbauer	Elektromaschinenbauerin
Elektromechaniker	Elektromechanikerin
Elektromeister	Elektromeisterin
Elektromonteur	Elektromonteurin
Elektroniker	Elektronikerin
Elektrotechniker	Elektrotechnikerin
Elementarlehrer	Elementarlehrerin
Elfenbeinschnitzer	Elfenbeinschnitzerin
Elitefahrer	Elitefahrerin
Elitesoldat	Elitesoldatin
Ellwanger	Ellwangerin
Elsässer	Elsässerin
Elternvertreter	Elternvertreterin
Emailleur	Emailleurin
Emailmaler	Emailmalerin
Emanzipator	Emanzipatorin
Emdener	Emdenerin
Emder	Emderin
Emigrant	Emigrantin
Emissär	Emissärin
Emittent	Emittentin
Emmentaler	Emmentalerin
Empfänger	Empfängerin
Empfangschef	Empfangschefin
Empiriker	Empirikerin
Empirist	Empiristin
Empörer	Empörerin
Emser	Emserin
Endanwender	Endanwenderin
Enddreißiger	Enddreißigerin
Endfünfziger	Endfünfzigerin
Endoskop	Endoskopin
Endsechziger	Endsechzigerin
Endspielgegner	Endspielgegnerin
Endverbraucher	Endverbraucherin
Endvierziger	Endvierzigerin
Endzwanziger	Endzwanzigerin
Energetiker	Energetikerin
Energieberater	Energieberaterin
Energielieferant	Energielieferantin
Energiesparer	Energiesparerin
Engelmacher	Engelmacherin
Engländer	Engländerin
Englischlehrer	Englischlehrerin
Enkel	Enkelin
Ensemblemusiker	Ensemblemusikerin
Ensembletänzer	Ensembletänzerin
Entbindungspfleger	Entbindungspflegerin
Entfesselungskünstler	Entfesselungskünstlerin
Entführer	Entführerin
Enthusiast	Enthusiastin
Entlassschüler	Entlassschülerin
Entlassungsschüler	Entlassungsschülerin
Entleiher	Entleiherin
Entmieter	Entmieterin
Entscheider	Entscheiderin
Entscheidungsträger	Entscheidungsträgerin
Entsorger	Entsorgerin
Entwerfer	Entwerferin
Entwickler	Entwicklerin
Entwicklungshelfer	Entwicklungshelferin
Entwicklungsingenieur	Entwicklungsingenieurin
Entwicklungsminister	Entwicklungsministerin
Enzyklopädiker	Enzyklopädikerin
Epheser	Epheserin
Epigrammatiker	Epigrammatikerin
Epiker	Epikerin
Epikureer	Epikureerin
Epileptiker	Epileptikerin
Episkopalist	Episkopalistin
Episodendarsteller	Episodendarstellerin
Erbarmer	Erbarmerin
Erbauer	Erbauerin
Erbfeind	Erbfeindin
Erbfolger	Erbfolgerin
Erblasser	Erblasserin
Erbpächter	Erbpächterin
Erbschaftsbesitzer	Erbschaftsbesitzerin
Erbschleicher	Erbschleicherin
Erbsenzähler	Erbsenzählerin
Erdarbeiter	Erdarbeiterin
Erdbewohner	Erdbewohnerin
Erdenbewohner	Erdenbewohnerin
Erdenbürger	Erdenbürgerin
Erdenpilger	Erdenpilgerin
Erdkundelehrer	Erdkundelehrerin
Erdkundler	Erdkundlerin
Erdumsegler	Erdumseglerin
Eremit	Eremitin
Erfasser	Erfasserin
Erfolgsautor	Erfolgsautorin
Erfolgsschriftsteller	Erfolgsschriftstellerin
Erfolgstrainer	Erfolgstrainerin
Erforscher	Erforscherin
Erfurter	Erfurterin
Ergonom	Ergonomin
Erhalter	Erhalterin
Eritreer	Eritreerin
Erklärer	Erklärerin
Erkunder	Erkunderin
Erlanger	Erlangerin
Erlöser	Erlöserin
Ermittler	Ermittlerin
Ermittlungsrichter	Ermittlungsrichterin
Ernährer	Ernährerin
Ernährungsforscher	Ernährungsforscherin
Ernährungswissenschafter	Ernährungswissenschafterin
Erntearbeiter	Erntearbeiterin
Erntehelfer	Erntehelferin
Erotiker	Erotikerin
Erpresser	Erpresserin
Erretter	Erretterin
Ersatzfahrer	Ersatzfahrerin
Ersatzkandidat	Ersatzkandidatin
Ersatzkapitän	Ersatzkapitänin
Ersatzspieler	Ersatzspielerin
Ersatztorhüter	Ersatztorhüterin
Ersatztorwart	Ersatztorwartin
Erschaffer	Erschafferin
Erstbesitzer	Erstbesitzerin
Erstbezieher	Erstbezieherin
Erstbundesligist	Erstbundesligistin
Ersteher	Ersteherin
Ersteiger	Ersteigerin
Ersteller	Erstellerin
Erstersteiger	Erstersteigerin
Ersterwerber	Ersterwerberin
Ersthelfer	Ersthelferin
Erstklässer	Erstklässerin
Erstklasslehrer	Erstklasslehrerin
Erstkommunikant	Erstkommunikantin
Erstkonsument	Erstkonsumentin
Erstligist	Erstligistin
Ersttäter	Ersttäterin
Erstwähler	Erstwählerin
Erwachsenenbildner	Erwachsenenbildnerin
Erwerber	Erwerberin
Erzähler	Erzählerin
Erzeuger	Erzeugerin
Erzfeind	Erzfeindin
Erzgauner	Erzgaunerin
Erzgebirger	Erzgebirgerin
Erzgebirgler	Erzgebirglerin
Erzherzog	Erzherzogin
Erziehungsberater	Erziehungsberaterin
Erziehungsminister	Erziehungsministerin
Erziehungswissenschafter	Erziehungswissenschafterin
Erziehungswissenschaftler	Erziehungswissenschaftlerin
Erzkatholik	Erzkatholikin
Erzkommunist	Erzkommunistin
Erzlügner	Erzlügnerin
Erzpriester	Erzpriesterin
Erzprotestant	Erzprotestantin
Esel	Eselin
Eskapist	Eskapistin
Esoteriker	Esoterikerin
Essayist	Essayistin
Essener	Essenerin
Essenholer	Essenholerin
Essenkehrer	Essenkehrerin
Esser	Esserin
Essigbrauer	Essigbrauerin
Esskünstler	Esskünstlerin
Estländer	Estländerin
Estrichleger	Estrichlegerin
Etagenkellner	Etagenkellnerin
Etappensieger	Etappensiegerin
Ethiker	Ethikerin
Ethnograf	Ethnografin
Etrusker	Etruskerin
Etuimacher	Etuimacherin
EU-Außenkommissar	EU-Außenkommissarin
EU-Außenminister	EU-Außenministerin
EU-Bürger	EU-Bürgerin
EU-Kommissar	EU-Kommissarin
EU-Kommissionspräsident	EU-Kommissionspräsidentin
EU-Wettbewerbskommissar	EU-Wettbewerbskommissarin
Eurasier	Eurasierin
Eurokommunist	Eurokommunistin
Eurokrat	Eurokratin
Europäer	Europäerin
Europameister	Europameisterin
Europapolitiker	Europapolitikerin
Europarekordler	Europarekordlerin
Europaskeptiker	Europaskeptikerin
Euroskeptiker	Euroskeptikerin
Evangelist	Evangelistin
Eventmanager	Eventmanagerin
Evolutionist	Evolutionistin
Ex-Freund	Ex-Freundin
Examenskandidat	Examenskandidatin
Examinand	Examinandin
Examinator	Examinatorin
Exeget	Exegetin
Exekutor	Exekutorin
Exfreund	Exfreundin
Exhibitionist	Exhibitionistin
Exilant	Exilantin
Exilpolitiker	Exilpolitikerin
Existenzgründer	Existenzgründerin
Existenzialist	Existenzialistin
Exkaiser	Exkaiserin
Exkanzler	Exkanzlerin
Exkönig	Exkönigin
Exminister	Exministerin
Exorzist	Exorzistin
Exot	Exotin
Exoteriker	Exoterikerin
Expansionist	Expansionistin
Expartner	Expartnerin
Expedient	Expedientin
Expeditionsleiter	Expeditionsleiterin
Expeditionsteilnehmer	Expeditionsteilnehmerin
Expeditor	Expeditorin
Experimentator	Experimentatorin
Explorator	Exploratorin
Exponent	Exponentin
Exporteur	Exporteurin
Exporthändler	Exporthändlerin
Exportleiter	Exportleiterin
Expressionist	Expressionistin
Externist	Externistin
Extremist	Extremistin
Extremsportler	Extremsportlerin
Exulant	Exulantin
Exweltmeister	Exweltmeisterin
Exzentriker	Exzentrikerin
Fabeldichter	Fabeldichterin
Fabrikant	Fabrikantin
Fabrikarbeiter	Fabrikarbeiterin
Fabrikbesitzer	Fabrikbesitzerin
Fabrikdirektor	Fabrikdirektorin
Fabrikleiter	Fabrikleiterin
Fabriksarbeiter	Fabriksarbeiterin
Fabulant	Fabulantin
Fabulierer	Fabuliererin
Facharbeiter	Facharbeiterin
Fachberater	Fachberaterin
Fachbereichssprecher	Fachbereichssprecherin
Fachbesucher	Fachbesucherin
Fachgruppenleiter	Fachgruppenleiterin
Fachhändler	Fachhändlerin
Fachidiot	Fachidiotin
Fachjournalist	Fachjournalistin
Fachkenner	Fachkennerin
Fachlehrer	Fachlehrerin
Fachreferent	Fachreferentin
Fachrichter	Fachrichterin
Fachschaftsvertreter	Fachschaftsvertreterin
Fachverkäufer	Fachverkäuferin
Fachvertreter	Fachvertreterin
Fachwissenschaftler	Fachwissenschaftlerin
Fackelträger	Fackelträgerin
Fagottist	Fagottistin
Fahnder	Fahnderin
Fahnenjunker	Fahnenjunkerin
Fahnenschwinger	Fahnenschwingerin
Fahnenträger	Fahnenträgerin
Fähnrich	Fähnrichin
Fahranfänger	Fahranfängerin
Fahrdienstleiter	Fahrdienstleiterin
Fahrkartenknipser	Fahrkartenknipserin
Fahrkartenkontrolleur	Fahrkartenkontrolleurin
Fahrradfahrer	Fahrradfahrerin
Fahrradkurier	Fahrradkurierin
Fahrschüler	Fahrschülerin
Fahrschulprüfer	Fahrschulprüferin
Fahrsteiger	Fahrsteigerin
Fahrstuhlführer	Fahrstuhlführerin
Fährtensucher	Fährtensucherin
Fahrverkäufer	Fahrverkäuferin
Fahrzeugführer	Fahrzeugführerin
Fahrzeughalter	Fahrzeughalterin
Fahrzeuglenker	Fahrzeuglenkerin
Falkenseer	Falkenseerin
Falkner	Falknerin
Fallanalytiker	Fallanalytikerin
Fallensteller	Fallenstellerin
Fallersleber	Fallersleberin
Fallmanager	Fallmanagerin
Fallschirmjäger	Fallschirmjägerin
Fälscher	Fälscherin
Falschfahrer	Falschfahrerin
Falschmünzer	Falschmünzerin
Falschparker	Falschparkerin
Falschspieler	Falschspielerin
Familienminister	Familienministerin
Familienpfleger	Familienpflegerin
Familienrichter	Familienrichterin
Famulant	Famulantin
Fanatiker	Fanatikerin
Fanbetreuer	Fanbetreuerin
Fanfarenbläser	Fanfarenbläserin
Fänger	Fängerin
Fantast	Fantastin
Fantasyautor	Fantasyautorin
Färber	Färberin
Färinger	Färingerin
Farmer	Farmerin
Färöer	Färöerin
Faschist	Faschistin
Fasnachter	Fasnachterin
Fasnächtler	Fasnächtlerin
Fassadenreiniger	Fassadenreinigerin
Fassbinder	Fassbinderin
Fassmaler	Fassmalerin
Fastnachter	Fastnachterin
Fastnachtler	Fastnachtlerin
Fatalist	Fatalistin
Faulenzer	Faulenzerin
Faunist	Faunistin
Faustkämpfer	Faustkämpferin
Fauvist	Fauvistin
Favorit	Favoritin
FBI-Agent	FBI-Agentin
FDJler	FDJlerin
Fechtlehrer	Fechtlehrerin
Fechtmeister	Fechtmeisterin
Federfuchser	Federfuchserin
Federgewichtler	Federgewichtlerin
Fehlbeleger	Fehlbelegerin
Feilenhauer	Feilenhauerin
Feinbäcker	Feinbäckerin
Feind	Feindin
Feinmechaniker	Feinmechanikerin
Feinoptiker	Feinoptikerin
Feinschmecker	Feinschmeckerin
Feintäschner	Feintäschnerin
Feldarbeiter	Feldarbeiterin
Felddieb	Felddiebin
Feldherr	Feldherrin
Feldhüter	Feldhüterin
Feldjäger	Feldjägerin
Feldmarschall	Feldmarschallin
Feldspieler	Feldspielerin
Feminist	Feministin
Fensterputzer	Fensterputzerin
Ferienarbeiter	Ferienarbeiterin
Ferienhelfer	Ferienhelferin
Fernfahrer	Fernfahrerin
Fernmeldetechniker	Fernmeldetechnikerin
Fernpendler	Fernpendlerin
Fernschüler	Fernschülerin
Fernsehansager	Fernsehansagerin
Fernseher	Fernseherin
Fernsehjournalist	Fernsehjournalistin
Fernsehkommentator	Fernsehkommentatorin
Fernsehmoderator	Fernsehmoderatorin
Fernsehprediger	Fernsehpredigerin
Fernsehproduzent	Fernsehproduzentin
Fernsehregisseur	Fernsehregisseurin
Fernsehreporter	Fernsehreporterin
Fernsehsprecher	Fernsehsprecherin
Fernsehtechniker	Fernsehtechnikerin
Fernsehteilnehmer	Fernsehteilnehmerin
Fernsehzuschauer	Fernsehzuschauerin
Fernsprechteilnehmer	Fernsprechteilnehmerin
Fernstudent	Fernstudentin
Fertigungsleiter	Fertigungsleiterin
Festbesucher	Festbesucherin
Festivalbesucher	Festivalbesucherin
Festivalveranstalter	Festivalveranstalterin
Festordner	Festordnerin
Festredner	Festrednerin
Fetischist	Fetischistin
Feueranbeter	Feueranbeterin
Feuerfresser	Feuerfresserin
Feuerländer	Feuerländerin
Feuerschlucker	Feuerschluckerin
Feuerwehrkommandant	Feuerwehrkommandantin
Feuerwerker	Feuerwerkerin
Feuilletonist	Feuilletonistin
Feuilletonredakteur	Feuilletonredakteurin
Feuilletonschreiber	Feuilletonschreiberin
Fidschianer	Fidschianerin
Fiedler	Fiedlerin
Fighter	Fighterin
Figurant	Figurantin
Filetierer	Filetiererin
Filialist	Filialistin
Filialleiter	Filialleiterin
Filmamateur	Filmamateurin
Filmarchitekt	Filmarchitektin
Filmautor	Filmautorin
Filmberichterstatter	Filmberichterstatterin
Filmcutter	Filmcutterin
Filmdarsteller	Filmdarstellerin
Filmemacher	Filmemacherin
Filmer	Filmerin
Filmhersteller	Filmherstellerin
Filmkomiker	Filmkomikerin
Filmkomponist	Filmkomponistin
Filmkritiker	Filmkritikerin
Filmkünstler	Filmkünstlerin
Filmproduzent	Filmproduzentin
Filmschauspieler	Filmschauspielerin
Finalgegner	Finalgegnerin
Finalist	Finalistin
Finanzaufseher	Finanzaufseherin
Finanzbuchhalter	Finanzbuchhalterin
Finanzchef	Finanzchefin
Finanzdienstleister	Finanzdienstleisterin
Finanzdirektor	Finanzdirektorin
Finanzer	Finanzerin
Finanzier	Finanzierin
Finanzinvestor	Finanzinvestorin
Finanzjongleur	Finanzjongleurin
Finanzmakler	Finanzmaklerin
Finanzminister	Finanzministerin
Finanzsenator	Finanzsenatorin
Finanzwissenschafter	Finanzwissenschafterin
Finanzwissenschaftler	Finanzwissenschaftlerin
Finder	Finderin
Finisher	Finisherin
Firmenchef	Firmenchefin
Firmengründer	Firmengründerin
Firmeninhaber	Firmeninhaberin
Firmensprecher	Firmensprecherin
Fischhändler	Fischhändlerin
Fischkundler	Fischkundlerin
Fischmeister	Fischmeisterin
Fischwirt	Fischwirtin
Fischzüchter	Fischzüchterin
Fixer	Fixerin
FKK-Anhänger	FKK-Anhängerin
Flachdrucker	Flachdruckerin
Flachländer	Flachländerin
Flachlandtiroler	Flachlandtirolerin
Flachläufer	Flachläuferin
Flagellant	Flagellantin
Flaggoffizier	Flaggoffizierin
Flakhelfer	Flakhelferin
Flaneur	Flaneurin
Flaschensammler	Flaschensammlerin
Flaschner	Flaschnerin
Flechter	Flechterin
Fleischbeschauer	Fleischbeschauerin
Fleischer	Fleischerin
Fleischermeister	Fleischermeisterin
Fleischesser	Fleischesserin
Fleischhacker	Fleischhackerin
Fleischhauer	Fleischhauerin
Fleischschauer	Fleischschauerin
Flicker	Flickerin
Flickschneider	Flickschneiderin
Fliegengewichtler	Fliegengewichtlerin
Fliesenleger	Fliesenlegerin
Fließbandarbeiter	Fließbandarbeiterin
Flitzer	Flitzerin
Florettfechter	Florettfechterin
Floriansjünger	Floriansjüngerin
Flößer	Flößerin
Flötenbläser	Flötenbläserin
Flötist	Flötistin
Flottenchef	Flottenchefin
Flucher	Flucherin
Fluchthelfer	Fluchthelferin
Flugblattverteiler	Flugblattverteilerin
Flugdienstleiter	Flugdienstleiterin
Flügelspieler	Flügelspielerin
Flügelstürmer	Flügelstürmerin
Flugingenieur	Flugingenieurin
Flugkapitän	Flugkapitänin
Fluglehrer	Fluglehrerin
Flugleiter	Flugleiterin
Flugpassagier	Flugpassagierin
Flugschüler	Flugschülerin
Flugzeugentführer	Flugzeugentführerin
Flugzeugführer	Flugzeugführerin
Flugzeughersteller	Flugzeugherstellerin
Flugzeugingenieur	Flugzeugingenieurin
Flugzeugkonstrukteur	Flugzeugkonstrukteurin
Flurhüter	Flurhüterin
Flurwächter	Flurwächterin
Flusspirat	Flusspiratin
Flussschiffer	Flussschifferin
Föderalist	Föderalistin
Föderat	Föderatin
FÖJler	FÖJlerin
Folklorist	Folkloristin
Folksänger	Folksängerin
Fondsmanager	Fondsmanagerin
Foodblogger	Foodbloggerin
Fooddesigner	Fooddesignerin
Fopper	Fopperin
Förderschüler	Förderschülerin
Forensiker	Forensikerin
Formalist	Formalistin
Formel-1-Pilot	Formel-1-Pilotin
Formel-1-Weltmeister	Formel-1-Weltmeisterin
Former	Formerin
Formgestalter	Formgestalterin
Forschungsstudent	Forschungsstudentin
Forstanwärter	Forstanwärterin
Forstassessor	Forstassessorin
Forstfacharbeiter	Forstfacharbeiterin
Forstingenieur	Forstingenieurin
Forstmeister	Forstmeisterin
Forstreferendar	Forstreferendarin
Forstwart	Forstwartin
Forstwirt	Forstwirtin
Fortbildner	Fortbildnerin
Fortführer	Fortführerin
Fortschrittler	Fortschrittlerin
Fortschrittsfanatiker	Fortschrittsfanatikerin
Fortsetzer	Fortsetzerin
Fotoamateur	Fotoamateurin
Fotografiker	Fotografikerin
Fotojournalist	Fotojournalistin
Fotokünstler	Fotokünstlerin
Fotorealist	Fotorealistin
Fotoreporter	Fotoreporterin
Frachtführer	Frachtführerin
Frager	Fragerin
Fragesteller	Fragestellerin
Fraktionschef	Fraktionschefin
Fraktionsführer	Fraktionsführerin
Fraktionssprecher	Fraktionssprecherin
Franchisegeber	Franchisegeberin
Franchisenehmer	Franchisenehmerin
Frankfurter	Frankfurterin
Frankokanadier	Frankokanadierin
Franziskaner	Franziskanerin
Französischlehrer	Französischlehrerin
Frauenminister	Frauenministerin
Frauenmörder	Frauenmörderin
Freeclimber	Freeclimberin
Freelancer	Freelancerin
Freerider	Freeriderin
Fregattenkapitän	Fregattenkapitänin
Freiberufler	Freiberuflerin
Freibeuter	Freibeuterin
Freiburger	Freiburgerin
Freidemokrat	Freidemokratin
Freidenker	Freidenkerin
Freier	Freierin
Freigänger	Freigängerin
Freihändler	Freihändlerin
Freiheitsdichter	Freiheitsdichterin
Freiheitsheld	Freiheitsheldin
Freiheitskämpfer	Freiheitskämpferin
Freimaurer	Freimaurerin
Freischärler	Freischärlerin
Freischwimmer	Freischwimmerin
Freistilringer	Freistilringerin
Freistoßspezialist	Freistoßspezialistin
Freiwerfer	Freiwerferin
Fremdarbeiter	Fremdarbeiterin
Fremdenführer	Fremdenführerin
Fremdling	Fremdlingin
Fremdsprachenkorrespondent	Fremdsprachenkorrespondentin
Fremdsprachler	Fremdsprachlerin
Freudianer	Freudianerin
Freund	Freundin
Frevler	Frevlerin
Friedensaktivist	Friedensaktivistin
Friedensdemonstrant	Friedensdemonstrantin
Friedensfahrer	Friedensfahrerin
Friedensforscher	Friedensforscherin
Friedensfreund	Friedensfreundin
Friedenskämpfer	Friedenskämpferin
Friedensmarschierer	Friedensmarschiererin
Friedensnobelpreisträger	Friedensnobelpreisträgerin
Friedensrichter	Friedensrichterin
Friedensstifter	Friedensstifterin
Friedensstörer	Friedensstörerin
Friedenstifter	Friedenstifterin
Friedensunterhändler	Friedensunterhändlerin
Friedensvermittler	Friedensvermittlerin
Friedhofsgärtner	Friedhofsgärtnerin
Friedhofsschänder	Friedhofsschänderin
Friedhofswärter	Friedhofswärterin
Frischluftfanatiker	Frischluftfanatikerin
Friseurmeister	Friseurmeisterin
Frömmler	Frömmlerin
Fronarbeiter	Fronarbeiterin
Fröner	Frönerin
Frontkämpfer	Frontkämpferin
Frontsoldat	Frontsoldatin
Frühaufsteher	Frühaufsteherin
Frühbucher	Frühbucherin
Frühpensionist	Frühpensionistin
Frührentner	Frührentnerin
Frühstücksdirektor	Frühstücksdirektorin
Frühstückskellner	Frühstückskellnerin
Frutarier	Frutarierin
FSJler	FSJlerin
Führer	Führerin
Führungsspieler	Führungsspielerin
Fuhrunternehmer	Fuhrunternehmerin
Fuhrwerker	Fuhrwerkerin
Fuhrwerkslenker	Fuhrwerkslenkerin
Fuldaer	Fuldaerin
Fummler	Fummlerin
Fundamentalist	Fundamentalistin
Fundraiser	Fundraiserin
Funkamateur	Funkamateurin
Funker	Funkerin
Funkmechaniker	Funkmechanikerin
Funktionalist	Funktionalistin
Funktionär	Funktionärin
Funktionsträger	Funktionsträgerin
Fürbitter	Fürbitterin
Fürsorgeempfänger	Fürsorgeempfängerin
Fürsorger	Fürsorgerin
Fürsprecher	Fürsprecherin
Fürst	Fürstin
Fußballamateur	Fußballamateurin
Fußballanhänger	Fußballanhängerin
Fußballbundestrainer	Fußballbundestrainerin
Fußballer	Fußballerin
Fußballfreund	Fußballfreundin
Fußballlehrer	Fußballlehrerin
Fußballmanager	Fußballmanagerin
Fußballnationalspieler	Fußballnationalspielerin
Fußballnationaltrainer	Fußballnationaltrainerin
Fußballspieler	Fußballspielerin
Fußballtrainer	Fußballtrainerin
Fußbodenleger	Fußbodenlegerin
Fußgeher	Fußgeherin
Fußpfleger	Fußpflegerin
Futtermeister	Futtermeisterin
Futurist	Futuristin
Gabelstaplerfahrer	Gabelstaplerfahrerin
Gabuner	Gabunerin
Gaffer	Gafferin
Gagist	Gagistin
Galerist	Galeristin
Galicier	Galicierin
Galiläer	Galiläerin
Galizier	Galizierin
Gallier	Gallierin
Galopper	Galopperin
Galvaniseur	Galvaniseurin
Galvanoplastiker	Galvanoplastikerin
Galvanotechniker	Galvanotechnikerin
Gambenspieler	Gambenspielerin
Gambier	Gambierin
Gambist	Gambistin
Gammler	Gammlerin
Gänger	Gängerin
Gangster	Gangsterin
Gangsterchef	Gangsterchefin
Gangsterkönig	Gangsterkönigin
Gänsehirt	Gänsehirtin
Garagenbesitzer	Garagenbesitzerin
Garant	Garantin
Gardist	Gardistin
Garnelenfischer	Garnelenfischerin
Gartenarchitekt	Gartenarchitektin
Gartenbauarchitekt	Gartenbauarchitektin
Gartenbauingenieur	Gartenbauingenieurin
Gartenbautechniker	Gartenbautechnikerin
Gartenbesitzer	Gartenbesitzerin
Gartenfreund	Gartenfreundin
Gartenmeister	Gartenmeisterin
Gärtler	Gärtlerin
Gärtnermeister	Gärtnermeisterin
Gasableser	Gasableserin
Gasarbeiter	Gasarbeiterin
Gasinstallateur	Gasinstallateurin
Gastarbeiter	Gastarbeiterin
Gastdirigent	Gastdirigentin
Gastdozent	Gastdozentin
Gastechniker	Gastechnikerin
Gästeführer	Gästeführerin
Gästespieler	Gästespielerin
Gastfreund	Gastfreundin
Gastgeber	Gastgeberin
Gasthofbesitzer	Gasthofbesitzerin
Gasthörer	Gasthörerin
Gastprofessor	Gastprofessorin
Gastredner	Gastrednerin
Gastregisseur	Gastregisseurin
Gastronom	Gastronomin
Gastrosoph	Gastrosophin
Gastsänger	Gastsängerin
Gastschüler	Gastschülerin
Gaststättenleiter	Gaststättenleiterin
Gattenmörder	Gattenmörderin
Gäuer	Gäuerin
Gaukler	Gauklerin
Gauleiter	Gauleiterin
Gaullist	Gaullistin
Gaumeister	Gaumeisterin
Gauner	Gaunerin
Gebärdensprachdolmetscher	Gebärdensprachdolmetscherin
Gebäudereiniger	Gebäudereinigerin
Gebäudeverwalter	Gebäudeverwalterin
Geber	Geberin
Gebieter	Gebieterin
Gebietsrepräsentant	Gebietsrepräsentantin
Gebirgler	Gebirglerin
Gebirgsbewohner	Gebirgsbewohnerin
Gebirgsjäger	Gebirgsjägerin
Gebirgspionier	Gebirgspionierin
Gebrauchsgrafiker	Gebrauchsgrafikerin
Gebrauchswerber	Gebrauchswerberin
Gebrauchtwagenhändler	Gebrauchtwagenhändlerin
Gebührenzahler	Gebührenzahlerin
Gedächtniskünstler	Gedächtniskünstlerin
Gedankenleser	Gedankenleserin
Gefährder	Gefährderin
Gefangenenaufseher	Gefangenenaufseherin
Gefangenenwärter	Gefangenenwärterin
Gefängnisaufseher	Gefängnisaufseherin
Gefängnisdirektor	Gefängnisdirektorin
Gefängnispfarrer	Gefängnispfarrerin
Gefängniswärter	Gefängniswärterin
Gefäßchirurg	Gefäßchirurgin
Geflügelhalter	Geflügelhalterin
Geflügelhändler	Geflügelhändlerin
Geflügelzüchter	Geflügelzüchterin
Gegendemonstrant	Gegendemonstrantin
Gegenfüßler	Gegenfüßlerin
Gegenkaiser	Gegenkaiserin
Gegenkandidat	Gegenkandidatin
Gegenkönig	Gegenkönigin
Gegenspieler	Gegenspielerin
Gegenzeichner	Gegenzeichnerin
Gegner	Gegnerin
Gehaltsempfänger	Gehaltsempfängerin
Gehaltsverrechner	Gehaltsverrechnerin
Geheimagent	Geheimagentin
Geheimbündler	Geheimbündlerin
Geheimdienstchef	Geheimdienstchefin
Geheimdienstler	Geheimdienstlerin
Geheimfavorit	Geheimfavoritin
Geheimkurier	Geheimkurierin
Geheimniskrämer	Geheimniskrämerin
Geheimnisträger	Geheimnisträgerin
Geheimnistuer	Geheimnistuerin
Geheimpolizist	Geheimpolizistin
Geher	Geherin
Gehirnakrobat	Gehirnakrobatin
Geigenbauer	Geigenbauerin
Geigenspieler	Geigenspielerin
Geiselgangster	Geiselgangsterin
Geiselnehmer	Geiselnehmerin
Geißler	Geißlerin
Geisterbeschwörer	Geisterbeschwörerin
Geisterfahrer	Geisterfahrerin
Geisterschreiber	Geisterschreiberin
Geisterseher	Geisterseherin
Geistesarbeiter	Geistesarbeiterin
Geisteswissenschafter	Geisteswissenschafterin
Geisteswissenschaftler	Geisteswissenschaftlerin
Geistheiler	Geistheilerin
Gelbsünder	Gelbsünderin
Geldanleger	Geldanlegerin
Geldbriefträger	Geldbriefträgerin
Gelderner	Geldernerin
Geldgeber	Geldgeberin
Geldschneider	Geldschneiderin
Geldschrankknacker	Geldschrankknackerin
Geldverleiher	Geldverleiherin
Geldwäscher	Geldwäscherin
Geldzusteller	Geldzustellerin
Gelegenheitsarbeiter	Gelegenheitsarbeiterin
Gelegenheitsdichter	Gelegenheitsdichterin
Gelegenheitsdieb	Gelegenheitsdiebin
Gelegenheitsraucher	Gelegenheitsraucherin
Gelsenkirchener	Gelsenkirchenerin
Gemahl	Gemahlin
Gemälderestaurator	Gemälderestauratorin
Gemeindebürger	Gemeindebürgerin
Gemeindediakon	Gemeindediakonin
Gemeindedirektor	Gemeindedirektorin
Gemeindehelfer	Gemeindehelferin
Gemeindepfleger	Gemeindepflegerin
Gemeindepräsident	Gemeindepräsidentin
Gemeindeschreiber	Gemeindeschreiberin
Gemeindesekretär	Gemeindesekretärin
Gemeindevorsteher	Gemeindevorsteherin
Gemeinschuldner	Gemeinschuldnerin
Gemüsehändler	Gemüsehändlerin
Gendarm	Gendarmin
Gendarmerieinspektor	Gendarmerieinspektorin
Genehmiger	Genehmigerin
Generaladmiral	Generaladmiralin
Generalagent	Generalagentin
Generaldirektor	Generaldirektorin
Generalfeldmarschall	Generalfeldmarschallin
Generalgouverneur	Generalgouverneurin
Generalinspekteur	Generalinspekteurin
Generalintendant	Generalintendantin
Generalist	Generalistin
Generalkonsul	Generalkonsulin
Generalmajor	Generalmajorin
Generalmusikdirektor	Generalmusikdirektorin
Generalsekretär	Generalsekretärin
Generalstäbler	Generalstäblerin
Generalstabschef	Generalstabschefin
Generalsuperintendent	Generalsuperintendentin
Generalunternehmer	Generalunternehmerin
Generalvertreter	Generalvertreterin
Generalvikar	Generalvikarin
Genetiker	Genetikerin
Genfer	Genferin
Genforscher	Genforscherin
Genießer	Genießerin
Genossenschafter	Genossenschafterin
Genossenschaftler	Genossenschaftlerin
Gentechniker	Gentechnikerin
Geobotaniker	Geobotanikerin
Geocacher	Geocacherin
Geochemiker	Geochemikerin
Geodät	Geodätin
Geograf	Geografin
Geograph	Geographin
Geomatiker	Geomatikerin
Geometer	Geometerin
Geophysiker	Geophysikerin
Georgier	Georgierin
Gepäckträger	Gepäckträgerin
Gepard	Gepardin
Gerant	Gerantin
Geräteturner	Geräteturnerin
Gerätewart	Gerätewartin
Gerber	Gerberin
Gerbermeister	Gerbermeisterin
Gerechtigkeitsfanatiker	Gerechtigkeitsfanatikerin
Geriater	Geriaterin
Gerichtsassessor	Gerichtsassessorin
Gerichtsberichterstatter	Gerichtsberichterstatterin
Gerichtsdiener	Gerichtsdienerin
Gerichtsdolmetscher	Gerichtsdolmetscherin
Gerichtsherr	Gerichtsherrin
Gerichtsmediziner	Gerichtsmedizinerin
Gerichtspräsident	Gerichtspräsidentin
Gerichtsreferendar	Gerichtsreferendarin
Gerichtssprecher	Gerichtssprecherin
Gerichtsvollzieher	Gerichtsvollzieherin
Geringverdiener	Geringverdienerin
Germanist	Germanistin
Gerüchtemacher	Gerüchtemacherin
Gerüstbauer	Gerüstbauerin
Gesamtschuldner	Gesamtschuldnerin
Gesamtsieger	Gesamtsiegerin
Gesandtschaftssekretär	Gesandtschaftssekretärin
Gesanglehrer	Gesanglehrerin
Gesangslehrer	Gesangslehrerin
Gesangssolist	Gesangssolistin
Geschäftemacher	Geschäftemacherin
Geschäftsbesitzer	Geschäftsbesitzerin
Geschäftsbesorger	Geschäftsbesorgerin
Geschäftsfreund	Geschäftsfreundin
Geschäftsinhaber	Geschäftsinhaberin
Geschäftsleiter	Geschäftsleiterin
Geschäftspartner	Geschäftspartnerin
Geschäftsträger	Geschäftsträgerin
Geschichtenerzähler	Geschichtenerzählerin
Geschichtsforscher	Geschichtsforscherin
Geschichtskenner	Geschichtskennerin
Geschichtslehrer	Geschichtslehrerin
Geschichtsschreiber	Geschichtsschreiberin
Geschichtswissenschaftler	Geschichtswissenschaftlerin
Geschirrmacher	Geschirrmacherin
Geschlechtspartner	Geschlechtspartnerin
Gesellschafter	Gesellschafterin
Gesellschaftskritiker	Gesellschaftskritikerin
Gesetzesbrecher	Gesetzesbrecherin
Gesetzeshüter	Gesetzeshüterin
Gesetzgeber	Gesetzgeberin
Gesinnungsethiker	Gesinnungsethikerin
Gesinnungsfreund	Gesinnungsfreundin
Gesinnungstäter	Gesinnungstäterin
Gesprächsleiter	Gesprächsleiterin
Gesprächspartner	Gesprächspartnerin
Gesprächsteilnehmer	Gesprächsteilnehmerin
Gesprächstherapeut	Gesprächstherapeutin
Gestalter	Gestalterin
Gesuchsteller	Gesuchstellerin
Gesundbeter	Gesundbeterin
Gesundheitsapostel	Gesundheitsapostelin
Gesundheitsfanatiker	Gesundheitsfanatikerin
Gesundheitsmanager	Gesundheitsmanagerin
Gesundheitsminister	Gesundheitsministerin
Gesundheitspfleger	Gesundheitspflegerin
Gevatter	Gevatterin
Gewährträger	Gewährträgerin
Gewalthaber	Gewalthaberin
Gewaltherrscher	Gewaltherrscherin
Gewalttäter	Gewalttäterin
Gewaltverbrecher	Gewaltverbrecherin
Gewandmeister	Gewandmeisterin
Gewässerwart	Gewässerwartin
Gewerbeinspektor	Gewerbeinspektorin
Gewerbelehrer	Gewerbelehrerin
Gewerbler	Gewerblerin
Gewerkschaftschef	Gewerkschaftschefin
Gewerkschaftsführer	Gewerkschaftsführerin
Gewerkschaftsfunktionär	Gewerkschaftsfunktionärin
Gewerkschaftssekretär	Gewerkschaftssekretärin
Gewerkschaftssprecher	Gewerkschaftssprecherin
Gewerkschaftsvertreter	Gewerkschaftsvertreterin
Gewinner	Gewinnerin
Gewohnheitstrinker	Gewohnheitstrinkerin
Gewohnheitsverbrecher	Gewohnheitsverbrecherin
Ghanaer	Ghanaerin
Ghostwriter	Ghostwriterin
Gibraltarer	Gibraltarerin
Gießener	Gießenerin
Gießer	Gießerin
Gießereiarbeiter	Gießereiarbeiterin
Giftler	Giftlerin
Giftmischer	Giftmischerin
Giftmörder	Giftmörderin
Gigant	Gigantin
Gildemeister	Gildemeisterin
Gipfelstürmer	Gipfelstürmerin
Gipfelteilnehmer	Gipfelteilnehmerin
Gipser	Gipserin
Girondist	Girondistin
Gitarrist	Gitarristin
Gladiator	Gladiatorin
Glarner	Glarnerin
Glasbläser	Glasbläserin
Glaser	Glaserin
Glasermeister	Glasermeisterin
Glasmaler	Glasmalerin
Glasreiniger	Glasreinigerin
Glasschleifer	Glasschleiferin
Glaswerker	Glaswerkerin
Glaubenshüter	Glaubenshüterin
Glaubenskämpfer	Glaubenskämpferin
Glaubenskrieger	Glaubenskriegerin
Gläubiger	Gläubigerin
Gleichmacher	Gleichmacherin
Gleisarbeiter	Gleisarbeiterin
Gleisbauer	Gleisbauerin
Gleitschirmflieger	Gleitschirmfliegerin
Globalisierungsgegner	Globalisierungsgegnerin
Globalisierungskritiker	Globalisierungskritikerin
Globetrotter	Globetrotterin
Glockengießer	Glockengießerin
Glöckner	Glöcknerin
Glossenschreiber	Glossenschreiberin
Glücksbringer	Glücksbringerin
Glücksritter	Glücksritterin
Glücksspieler	Glücksspielerin
Gnostiker	Gnostikerin
Goalgetter	Goalgetterin
Goalkeeper	Goalkeeperin
Goldgräber	Goldgräberin
Goldmacher	Goldmacherin
Goldmedaillengewinner	Goldmedaillengewinnerin
Goldschläger	Goldschlägerin
Goldsucher	Goldsucherin
Goldwäscher	Goldwäscherin
Golfer	Golferin
Golflehrer	Golflehrerin
Gönner	Gönnerin
Gospelsänger	Gospelsängerin
Gothaer	Gothaerin
Gottesdienstbesucher	Gottesdienstbesucherin
Gotteskrieger	Gotteskriegerin
Gottesleugner	Gottesleugnerin
Gottesstreiter	Gottesstreiterin
Göttinger	Göttingerin
Gottsucher	Gottsucherin
Götzenanbeter	Götzenanbeterin
Götzendiener	Götzendienerin
Grabenkämpfer	Grabenkämpferin
Gräber	Gräberin
Grabräuber	Grabräuberin
Grabschänder	Grabschänderin
Graditzer	Graditzerin
Graffitisprayer	Graffitisprayerin
Grafiker	Grafikerin
Gralshüter	Gralshüterin
Grammatiker	Grammatikerin
Grantler	Grantlerin
Graphiker	Graphikerin
Grasskifahrer	Grasskifahrerin
Gratulant	Gratulantin
Graubündner	Graubündnerin
Graveur	Graveurin
Grazer	Grazerin
Greenkeeper	Greenkeeperin
Greenpeacer	Greenpeacerin
Greenwicher	Greenwicherin
Greifswalder	Greifswalderin
Greis	Greisin
Gremialvorsteher	Gremialvorsteherin
Grenader	Grenaderin
Grenadier	Grenadierin
Grenzbewohner	Grenzbewohnerin
Grenzer	Grenzerin
Grenzgänger	Grenzgängerin
Grenzpolizist	Grenzpolizistin
Grenzschützer	Grenzschützerin
Grenzsoldat	Grenzsoldatin
Grenzwächter	Grenzwächterin
Grillenfänger	Grillenfängerin
Grimassenschneider	Grimassenschneiderin
Grobmotoriker	Grobmotorikerin
Grönländer	Grönländerin
Grönlandfahrer	Grönlandfahrerin
Großabnehmer	Großabnehmerin
Großadmiral	Großadmiralin
Großagrarier	Großagrarierin
Großaktionär	Großaktionärin
Großanbieter	Großanbieterin
Großbürger	Großbürgerin
Großerzeuger	Großerzeugerin
Großfürst	Großfürstin
Großgrundbesitzer	Großgrundbesitzerin
Großhandelsunternehmer	Großhandelsunternehmerin
Großhändler	Großhändlerin
Großherzog	Großherzogin
Grossist	Grossistin
Großkapitalist	Großkapitalistin
Großkoalitionär	Großkoalitionärin
Großmäster	Großmästerin
Großmeister	Großmeisterin
Großproduzent	Großproduzentin
Großratspräsident	Großratspräsidentin
Großschriftsteller	Großschriftstellerin
Großsiegelbewahrer	Großsiegelbewahrerin
Großsprecher	Großsprecherin
Großstädter	Großstädterin
Großtuer	Großtuerin
Großunternehmer	Großunternehmerin
Großverbraucher	Großverbraucherin
Großverbrecher	Großverbrecherin
Großverdiener	Großverdienerin
Großverleger	Großverlegerin
Großwildjäger	Großwildjägerin
Großwürdenträger	Großwürdenträgerin
Grubenarbeiter	Grubenarbeiterin
Grubenbesitzer	Grubenbesitzerin
Grübler	Grüblerin
Grundbesitzer	Grundbesitzerin
Grundeigentümer	Grundeigentümerin
Gründer	Gründerin
Grundschüler	Grundschülerin
Grundstücksbesitzer	Grundstücksbesitzerin
Grundstückseigentümer	Grundstückseigentümerin
Grundstücksmakler	Grundstücksmaklerin
Grundstücksnachbar	Grundstücksnachbarin
Grundstücksspekulant	Grundstücksspekulantin
Gründungspräsident	Gründungspräsidentin
Gründungsrektor	Gründungsrektorin
Grünenpolitiker	Grünenpolitikerin
Grünpolitiker	Grünpolitikerin
Gruppenführer	Gruppenführerin
Gruppenleiter	Gruppenleiterin
Gruppenpionierleiter	Gruppenpionierleiterin
Gruppensieger	Gruppensiegerin
Gruppentäter	Gruppentäterin
Gschaftlhuber	Gschaftlhuberin
Gucker	Guckerin
Guerillaführer	Guerillaführerin
Guerillakämpfer	Guerillakämpferin
Guineer	Guineerin
Gürtler	Gürtlerin
Gussputzer	Gussputzerin
Gutachter	Gutachterin
Gutsbesitzer	Gutsbesitzerin
Gutsherr	Gutsherrin
Gutsinspektor	Gutsinspektorin
Gutsverwalter	Gutsverwalterin
Guttempler	Guttemplerin
Guyaner	Guyanerin
Gymnasialdirektor	Gymnasialdirektorin
Gymnasiallehrer	Gymnasiallehrerin
Gymnasialprofessor	Gymnasialprofessorin
Gymnasiast	Gymnasiastin
Gymnastiker	Gymnastikerin
Gymnastiklehrer	Gymnastiklehrerin
Haager	Haagerin
Haarkünstler	Haarkünstlerin
Haarlemer	Haarlemerin
Haarschneider	Haarschneiderin
Haarspalter	Haarspalterin
Habilitand	Habilitandin
Habsburger	Habsburgerin
Hacker	Hackerin
Häcker	Häckerin
Hackler	Hacklerin
Hafenarbeiter	Hafenarbeiterin
Hafenkapitän	Hafenkapitänin
Hafenkommandant	Hafenkommandantin
Hafenmeister	Hafenmeisterin
Hafenschiffer	Hafenschifferin
Haftrichter	Haftrichterin
Hafturlauber	Hafturlauberin
Hagiograf	Hagiografin
Hagiograph	Hagiographin
Haitianer	Haitianerin
Halbfliegengewichtler	Halbfliegengewichtlerin
Halbschwergewichtler	Halbschwergewichtlerin
Halbstürmer	Halbstürmerin
Halbweltergewichtler	Halbweltergewichtlerin
Hallenser	Hallenserin
Haller	Hallerin
Halsabschneider	Halsabschneiderin
Hamburger	Hamburgerin
Hameler	Hamelerin
Hamelner	Hamelnerin
Hamit	Hamitin
Hammerschmied	Hammerschmiedin
Hammerwerfer	Hammerwerferin
Handarbeiter	Handarbeiterin
Handballer	Handballerin
Handballspieler	Handballspielerin
Handballtrainer	Handballtrainerin
Handelsagent	Handelsagentin
Handelsakademiker	Handelsakademikerin
Handelsfachpacker	Handelsfachpackerin
Handelsfachwirt	Handelsfachwirtin
Handelsgärtner	Handelsgärtnerin
Handelslehrer	Handelslehrerin
Handelsmakler	Handelsmaklerin
Handelsminister	Handelsministerin
Handelspartner	Handelspartnerin
Handelsrichter	Handelsrichterin
Handelsschüler	Handelsschülerin
Handelsschullehrer	Handelsschullehrerin
Handelsvertreter	Handelsvertreterin
Handlanger	Handlangerin
Händler	Händlerin
Handschuhmacher	Handschuhmacherin
Handsetzer	Handsetzerin
Handtaschenräuber	Handtaschenräuberin
Handverkäufer	Handverkäuferin
Handynutzer	Handynutzerin
Hangtäter	Hangtäterin
Hannoveraner	Hannoveranerin
Hanseat	Hanseatin
Hansestädter	Hansestädterin
Hardliner	Hardlinerin
Hardwarehersteller	Hardwareherstellerin
Häretiker	Häretikerin
Harfenspieler	Harfenspielerin
Harfner	Harfnerin
Harpunier	Harpunierin
Harpunierer	Harpuniererin
Hasardeur	Hasardeurin
Hasardspieler	Hasardspielerin
Hascher	Hascherin
Häscher	Häscherin
Haschischraucher	Haschischraucherin
Hasser	Hasserin
Hassprediger	Hasspredigerin
Hassredner	Hassrednerin
Hauer	Hauerin
Häuer	Häuerin
Hauptabnehmer	Hauptabnehmerin
Hauptabteilungsleiter	Hauptabteilungsleiterin
Hauptakteur	Hauptakteurin
Hauptaktionär	Hauptaktionärin
Hauptbuchhalter	Hauptbuchhalterin
Hauptdarsteller	Hauptdarstellerin
Haupteigentümer	Haupteigentümerin
Hauptfeind	Hauptfeindin
Hauptgegner	Hauptgegnerin
Hauptgeschäftsführer	Hauptgeschäftsführerin
Hauptgesellschafter	Hauptgesellschafterin
Hauptgewinner	Hauptgewinnerin
Hauptgläubiger	Hauptgläubigerin
Hauptkommissar	Hauptkommissarin
Hauptkonkurrent	Hauptkonkurrentin
Hauptlehrer	Hauptlehrerin
Hauptmacher	Hauptmacherin
Hauptmieter	Hauptmieterin
Hauptredner	Hauptrednerin
Hauptreferent	Hauptreferentin
Hauptschriftleiter	Hauptschriftleiterin
Hauptschuldner	Hauptschuldnerin
Hauptschüler	Hauptschülerin
Hauptschullehrer	Hauptschullehrerin
Hauptsponsor	Hauptsponsorin
Hauptstädter	Hauptstädterin
Haupttäter	Haupttäterin
Hauptverdiener	Hauptverdienerin
Hauptwachtmeister	Hauptwachtmeisterin
Hausautor	Hausautorin
Hausbesetzer	Hausbesetzerin
Hausbesitzer	Hausbesitzerin
Hausbesorger	Hausbesorgerin
Hausbewohner	Hausbewohnerin
Hausdetektiv	Hausdetektivin
Hausdiener	Hausdienerin
Hauseigentümer	Hauseigentümerin
Hauser	Hauserin
Häusermakler	Häusermaklerin
Hausfreund	Hausfreundin
Hausherr	Hausherrin
Hausierer	Hausiererin
Hausjurist	Hausjuristin
Häuslbauer	Häuslbauerin
Häuslebauer	Häuslebauerin
Hauslehrer	Hauslehrerin
Häusler	Häuslerin
Hausmakler	Hausmaklerin
Hauspfleger	Hauspflegerin
Haustyrann	Haustyrannin
Hausverwalter	Hausverwalterin
Hauswart	Hauswartin
Hauswirt	Hauswirtin
Hauswirtschafter	Hauswirtschafterin
Hauswirtschaftslehrer	Hauswirtschaftslehrerin
Hautspezialist	Hautspezialistin
Hawaiianer	Hawaiianerin
Headhunter	Headhunterin
Hebräer	Hebräerin
Hebraist	Hebraistin
Hedonist	Hedonistin
Heeresflieger	Heeresfliegerin
Heerführer	Heerführerin
Hegelianer	Hegelianerin
Hegemeister	Hegemeisterin
Heger	Hegerin
Hehler	Hehlerin
Heidelberger	Heidelbergerin
Heidenchrist	Heidenchristin
Heilbringer	Heilbringerin
Heiler	Heilerin
Heilerziehungspfleger	Heilerziehungspflegerin
Heilgymnast	Heilgymnastin
Heilpraktiker	Heilpraktikerin
Heilsbringer	Heilsbringerin
Heilssoldat	Heilssoldatin
Heimarbeiter	Heimarbeiterin
Heimatdichter	Heimatdichterin
Heimatforscher	Heimatforscherin
Heimatfreund	Heimatfreundin
Heimatkundler	Heimatkundlerin
Heimatschriftsteller	Heimatschriftstellerin
Heimbewohner	Heimbewohnerin
Heimerzieher	Heimerzieherin
Heimhelfer	Heimhelferin
Heimkehrer	Heimkehrerin
Heimleiter	Heimleiterin
Heimlichtuer	Heimlichtuerin
Heimtrainer	Heimtrainerin
Heimwerker	Heimwerkerin
Heiratskandidat	Heiratskandidatin
Heiratsschwindler	Heiratsschwindlerin
Heiratsvermittler	Heiratsvermittlerin
Heizer	Heizerin
Heizölhändler	Heizölhändlerin
Heizungsbauer	Heizungsbauerin
Heizungsmonteur	Heizungsmonteurin
Hektiker	Hektikerin
Held	Heldin
Heldendarsteller	Heldendarstellerin
Helfer	Helferin
Helfershelfer	Helfershelferin
Helgoländer	Helgoländerin
Helot	Helotin
Helvetier	Helvetierin
Henker	Henkerin
Heraldiker	Heraldikerin
Herbergswirt	Herbergswirtin
Heringsbändiger	Heringsbändigerin
Hermeneutiker	Hermeneutikerin
Hermetiker	Hermetikerin
Herrenreiter	Herrenreiterin
Herrenschneider	Herrenschneiderin
Herrgottschnitzer	Herrgottschnitzerin
Herrgottsschnitzer	Herrgottsschnitzerin
Herrnhuter	Herrnhuterin
Herrschaftsträger	Herrschaftsträgerin
Herrscher	Herrscherin
Hersteller	Herstellerin
Herumtreiber	Herumtreiberin
Herzchirurg	Herzchirurgin
Herzegowiner	Herzegowinerin
Herzensbrecher	Herzensbrecherin
Herzensdieb	Herzensdiebin
Herzensfreund	Herzensfreundin
Herzog	Herzogin
Herzpatient	Herzpatientin
Herzspender	Herzspenderin
Herzspezialist	Herzspezialistin
Hethiter	Hethiterin
Hetzer	Hetzerin
Heuchler	Heuchlerin
Heumacher	Heumacherin
Heurigensänger	Heurigensängerin
Hexenmeister	Hexenmeisterin
Hierarch	Hierarchin
Hijacker	Hijackerin
Hilfeempfänger	Hilfeempfängerin
Hilfsarbeiter	Hilfsarbeiterin
Hilfsassistent	Hilfsassistentin
Hilfsbremser	Hilfsbremserin
Hilfslehrer	Hilfslehrerin
Hilfspfarrer	Hilfspfarrerin
Hilfspolizist	Hilfspolizistin
Hilfsprediger	Hilfspredigerin
Hilfsrichter	Hilfsrichterin
Hilfsschreiber	Hilfsschreiberin
Hilfsschüler	Hilfsschülerin
Hilfsschullehrer	Hilfsschullehrerin
Himmelsforscher	Himmelsforscherin
Himmelsgucker	Himmelsguckerin
Himmelskundler	Himmelskundlerin
Himmelsschreiber	Himmelsschreiberin
Himmelsstürmer	Himmelsstürmerin
Hindernisläufer	Hindernisläuferin
Hinterbänkler	Hinterbänklerin
Hinterleger	Hinterlegerin
Hinterpommer	Hinterpommerin
Hinterspieler	Hinterspielerin
Hinterwäldler	Hinterwäldlerin
Hinterzieher	Hinterzieherin
Hinweisgeber	Hinweisgeberin
Hipster	Hipsterin
Hirnakrobat	Hirnakrobatin
Hirnforscher	Hirnforscherin
Historienmaler	Historienmalerin
Historiograf	Historiografin
Historist	Historistin
Hitlergegner	Hitlergegnerin
Hobbyfotograf	Hobbyfotografin
Hobbygärtner	Hobbygärtnerin
Hobbyist	Hobbyistin
Hobbymaler	Hobbymalerin
Hobbymusiker	Hobbymusikerin
Hobler	Hoblerin
Hochbauingenieur	Hochbauingenieurin
Hochländer	Hochländerin
Hochrisikopatient	Hochrisikopatientin
Hochschulabgänger	Hochschulabgängerin
Hochschulabsolvent	Hochschulabsolventin
Hochschüler	Hochschülerin
Hochschullehrer	Hochschullehrerin
Hochschulrektor	Hochschulrektorin
Hochseefischer	Hochseefischerin
Hochseilakrobat	Hochseilakrobatin
Hochseilartist	Hochseilartistin
Hochspringer	Hochspringerin
Hochstapler	Hochstaplerin
Höchstrichter	Höchstrichterin
Hochtourist	Hochtouristin
Hochverräter	Hochverräterin
Hochzeiter	Hochzeiterin
Hochzeitsbitter	Hochzeitsbitterin
Hockeyspieler	Hockeyspielerin
Hofbesitzer	Hofbesitzerin
Hofdichter	Hofdichterin
Hoffnungsträger	Hoffnungsträgerin
Hofherr	Hofherrin
Hoflieferant	Hoflieferantin
Hofpoet	Hofpoetin
Hofprediger	Hofpredigerin
Hofschauspieler	Hofschauspielerin
Höhenretter	Höhenretterin
Hohenzoller	Hohenzollerin
Hohepriester	Hohepriesterin
Höhlenbewohner	Höhlenbewohnerin
Höhlenforscher	Höhlenforscherin
Höker	Hökerin
Holländer	Holländerin
Holsteiner	Holsteinerin
Holzbläser	Holzbläserin
Holzer	Holzerin
Holzfäller	Holzfällerin
Holzhacker	Holzhackerin
Holzhauer	Holzhauerin
Holzschneider	Holzschneiderin
Holztechniker	Holztechnikerin
Holzwirt	Holzwirtin
Homoerotiker	Homoerotikerin
Homöopath	Homöopathin
Honduraner	Honduranerin
Hongkonger	Hongkongerin
Honorarkonsul	Honorarkonsulin
Honorarprofessor	Honorarprofessorin
Horcher	Horcherin
Hörer	Hörerin
Hörgeräteakustiker	Hörgeräteakustikerin
Hornist	Hornistin
Hortleiter	Hortleiterin
Hortner	Hortnerin
Hospitaliter	Hospitaliterin
Hospitant	Hospitantin
Hospizhelfer	Hospizhelferin
Hotelbesitzer	Hotelbesitzerin
Hoteldieb	Hoteldiebin
Hoteldirektor	Hoteldirektorin
Hufschmied	Hufschmiedin
Hühnerhalter	Hühnerhalterin
Hühnerzüchter	Hühnerzüchterin
Humangenetiker	Humangenetikerin
Humanist	Humanistin
Humanmediziner	Humanmedizinerin
Humorist	Humoristin
Hundebesitzer	Hundebesitzerin
Hundefänger	Hundefängerin
Hundefreund	Hundefreundin
Hundeführer	Hundeführerin
Hundesitter	Hundesitterin
Hundetrainer	Hundetrainerin
Hundezüchter	Hundezüchterin
Hungerkünstler	Hungerkünstlerin
Hungerleider	Hungerleiderin
Hunsrücker	Hunsrückerin
Hürdenläufer	Hürdenläuferin
Hürdensprinter	Hürdensprinterin
Huster	Husterin
Husumer	Husumerin
Hütchenspieler	Hütchenspielerin
Hüter	Hüterin
Hutmacher	Hutmacherin
Hüttenarbeiter	Hüttenarbeiterin
Hütteningenieur	Hütteningenieurin
Hüttenwart	Hüttenwartin
Hüttenwirt	Hüttenwirtin
Hydrograf	Hydrografin
Hygieniker	Hygienikerin
Hymnendichter	Hymnendichterin
Hymniker	Hymnikerin
Hyperboreer	Hyperboreerin
Hypertoniker	Hypertonikerin
Hypnotiseur	Hypnotiseurin
Hypochonder	Hypochonderin
Hypokrit	Hypokritin
Hypothekengläubiger	Hypothekengläubigerin
Hypothekenschuldner	Hypothekenschuldnerin
Hysteriker	Hysterikerin
Iberer	Ibererin
Idealist	Idealistin
Ideengeber	Ideengeberin
Ideologiekritiker	Ideologiekritikerin
Idiot	Idiotin
Idylliker	Idyllikerin
Ignorant	Ignorantin
Ikonograf	Ikonografin
Ikonoklast	Ikonoklastin
Illuminator	Illuminatorin
Illusionist	Illusionistin
Illustrator	Illustratorin
Illyrier	Illyrierin
Illyrist	Illyristin
Ilmenauer	Ilmenauerin
Imitator	Imitatorin
Imker	Imkerin
Immigrant	Immigrantin
Immobilienhändler	Immobilienhändlerin
Immoralist	Immoralistin
Imperialist	Imperialistin
Impfgegner	Impfgegnerin
Importeur	Importeurin
Importhändler	Importhändlerin
Impressionist	Impressionistin
Improvisateur	Improvisateurin
Improvisator	Improvisatorin
Impulsgeber	Impulsgeberin
Inder	Inderin
Indianer	Indianerin
Indianist	Indianistin
Individualist	Individualistin
Indoeuropäer	Indoeuropäerin
Indogermanist	Indogermanistin
Indonesier	Indonesierin
Industriearbeiter	Industriearbeiterin
Industriebaron	Industriebaronin
Industrieberater	Industrieberaterin
Industrieelektroniker	Industrieelektronikerin
Industriekapitän	Industriekapitänin
Industriekeramiker	Industriekeramikerin
Industriemechaniker	Industriemechanikerin
Industriemeister	Industriemeisterin
Industrieminister	Industrieministerin
Infanterist	Infanteristin
Infiltrant	Infiltrantin
Infiltrator	Infiltratorin
Informatiker	Informatikerin
Informator	Informatorin
Infrastrukturminister	Infrastrukturministerin
Ingenieurökonom	Ingenieurökonomin
Inhaber	Inhaberin
Initiant	Initiantin
Initiator	Initiatorin
Inklusionsschüler	Inklusionsschülerin
Inländer	Inländerin
Innenarchitekt	Innenarchitektin
Innendienstler	Innendienstlerin
Innenminister	Innenministerin
Innenpolitiker	Innenpolitikerin
Innensenator	Innensenatorin
Innenstürmer	Innenstürmerin
Innenverteidiger	Innenverteidigerin
Innovator	Innovatorin
Innungsmeister	Innungsmeisterin
Inquisitor	Inquisitorin
Insektenforscher	Insektenforscherin
Insektenfresser	Insektenfresserin
Inselbewohner	Inselbewohnerin
Inserent	Inserentin
Insider	Insiderin
Insolvenzgläubiger	Insolvenzgläubigerin
Insolvenzrichter	Insolvenzrichterin
Insolvenzverwalter	Insolvenzverwalterin
Inspekteur	Inspekteurin
Inspektor	Inspektorin
Inspirator	Inspiratorin
Inspizient	Inspizientin
Installateur	Installateurin
Installationskünstler	Installationskünstlerin
Instandbesetzer	Instandbesetzerin
Institutsdirektor	Institutsdirektorin
Institutsleiter	Institutsleiterin
Instrukteur	Instrukteurin
Instruktor	Instruktorin
Instrumentalist	Instrumentalistin
Instrumentalmusiker	Instrumentalmusikerin
Instrumentalsolist	Instrumentalsolistin
Instrumentenbauer	Instrumentenbauerin
Instrumentenmacher	Instrumentenmacherin
Insulaner	Insulanerin
Insurgent	Insurgentin
Integrationist	Integrationistin
Integrationshelfer	Integrationshelferin
Integrationslehrer	Integrationslehrerin
Integrationsminister	Integrationsministerin
Intelligenzler	Intelligenzlerin
Intendant	Intendantin
Intensivpatient	Intensivpatientin
Intensivtäter	Intensivtäterin
Interessensvertreter	Interessensvertreterin
Interessent	Interessentin
Interessenvertreter	Interessenvertreterin
Interimscoach	Interimscoachin
Interimspräsident	Interimspräsidentin
Interimstrainer	Interimstrainerin
Interlinguist	Interlinguistin
Internationalist	Internationalistin
Internatsschüler	Internatsschülerin
Internetaktivist	Internetaktivistin
Internetanbieter	Internetanbieterin
Internethändler	Internethändlerin
Internetnutzer	Internetnutzerin
Internetsurfer	Internetsurferin
Internetuser	Internetuserin
Internist	Internistin
Interpellant	Interpellantin
Interpolator	Interpolatorin
Interpret	Interpretin
Interpretator	Interpretatorin
Interventionist	Interventionistin
Interviewer	Interviewerin
Interviewpartner	Interviewpartnerin
Intimfeind	Intimfeindin
Intimfreund	Intimfreundin
Intimkenner	Intimkennerin
Intimpartner	Intimpartnerin
Intrigant	Intrigantin
Invasor	Invasorin
Inventarisator	Inventarisatorin
Investigativjournalist	Investigativjournalistin
Investigator	Investigatorin
Investmentbanker	Investmentbankerin
Investor	Investorin
Iraker	Irakerin
Iraner	Iranerin
Iranist	Iranistin
Irländer	Irländerin
Ironiker	Ironikerin
Irredentist	Irredentistin
Irrenhäusler	Irrenhäuslerin
Irrenwärter	Irrenwärterin
Irrläufer	Irrläuferin
Islamist	Islamistin
Islamistenführer	Islamistenführerin
Islamkritiker	Islamkritikerin
Islamwissenschafter	Islamwissenschafterin
Islamwissenschaftler	Islamwissenschaftlerin
Isländer	Isländerin
Ismaelit	Ismaelitin
Isolationist	Isolationistin
Isolierer	Isoliererin
Israelit	Israelitin
Italiener	Italienerin
Italiker	Italikerin
Italoamerikaner	Italoamerikanerin
Itzehoer	Itzehoerin
Ivorer	Ivorerin
Jagdaufseher	Jagdaufseherin
Jagdbegleiter	Jagdbegleiterin
Jagdflieger	Jagdfliegerin
Jagdfrevler	Jagdfrevlerin
Jagdherr	Jagdherrin
Jagdpächter	Jagdpächterin
Jahresaufenthalter	Jahresaufenthalterin
Jahrgänger	Jahrgängerin
Jahrhundertschauspieler	Jahrhundertschauspielerin
Jahrmarktsschreier	Jahrmarktsschreierin
Jakobiner	Jakobinerin
Jamaikaner	Jamaikanerin
Jansenist	Jansenistin
Japaner	Japanerin
Jasager	Jasagerin
Jasser	Jasserin
Javaner	Javanerin
Jazzdrummer	Jazzdrummerin
Jazzer	Jazzerin
Jazzfreund	Jazzfreundin
Jazzgitarrist	Jazzgitarristin
Jazzhistoriker	Jazzhistorikerin
Jazzmusiker	Jazzmusikerin
Jazzpianist	Jazzpianistin
Jazzsänger	Jazzsängerin
Jazzschlagzeuger	Jazzschlagzeugerin
Jazztrompeter	Jazztrompeterin
Jeck	Jeckin
Jemenit	Jemenitin
Jenaer	Jenaerin
Jenenser	Jenenserin
Jetpilot	Jetpilotin
Jetsetter	Jetsetterin
Jobber	Jobberin
Jobsucher	Jobsucherin
Jobvermittler	Jobvermittlerin
Jodler	Jodlerin
Jordanier	Jordanierin
Jubelgreis	Jubelgreisin
Jubelperser	Jubelperserin
Jubilar	Jubilarin
Jubler	Jublerin
Judaist	Judaistin
Judenchrist	Judenchristin
Judengegner	Judengegnerin
Judenhasser	Judenhasserin
Judosportler	Judosportlerin
Jugendamtschef	Jugendamtschefin
Jugendamtsleiter	Jugendamtsleiterin
Jugendarbeiter	Jugendarbeiterin
Jugendbetreuer	Jugendbetreuerin
Jugendbrigadier	Jugendbrigadierin
Jugendbuchautor	Jugendbuchautorin
Jugenderzieher	Jugenderzieherin
Jugendforscher	Jugendforscherin
Jugendfreund	Jugendfreundin
Jugendfürsorger	Jugendfürsorgerin
Jugendgruppenleiter	Jugendgruppenleiterin
Jugendkoordinator	Jugendkoordinatorin
Jugendleiter	Jugendleiterin
Jugendmeister	Jugendmeisterin
Jugendminister	Jugendministerin
Jugendnationalspieler	Jugendnationalspielerin
Jugendpfarrer	Jugendpfarrerin
Jugendpfleger	Jugendpflegerin
Jugendpsychiater	Jugendpsychiaterin
Jugendrichter	Jugendrichterin
Jugendschriftsteller	Jugendschriftstellerin
Jugendschützer	Jugendschützerin
Jugendsenator	Jugendsenatorin
Jugendspieler	Jugendspielerin
Jugendtrainer	Jugendtrainerin
Jugendvertreter	Jugendvertreterin
Jugendwart	Jugendwartin
Jungakademiker	Jungakademikerin
Jungaktivist	Jungaktivistin
Jungarbeiter	Jungarbeiterin
Jungautor	Jungautorin
Jungbürger	Jungbürgerin
Jungdemokrat	Jungdemokratin
Jungdesigner	Jungdesignerin
Jünger	Jüngerin
Jungfilmer	Jungfilmerin
Jungforscher	Jungforscherin
Junggrammatiker	Junggrammatikerin
Junghegelianer	Junghegelianerin
Jungingenieur	Jungingenieurin
Jungkommunist	Jungkommunistin
Junglehrer	Junglehrerin
Jungmanager	Jungmanagerin
Jungmediziner	Jungmedizinerin
Jungnationalspieler	Jungnationalspielerin
Jungpolitiker	Jungpolitikerin
Jungredakteur	Jungredakteurin
Jungregisseur	Jungregisseurin
Jungschauspieler	Jungschauspielerin
Jungschriftsteller	Jungschriftstellerin
Jungsenior	Jungseniorin
Jungsozialist	Jungsozialistin
Jungunternehmer	Jungunternehmerin
Jungwähler	Jungwählerin
Junior	Juniorin
Juniorchef	Juniorchefin
Junioreneuropameister	Junioreneuropameisterin
Juniorenmeister	Juniorenmeisterin
Juniorennationalspieler	Juniorennationalspielerin
Juniorenweltmeister	Juniorenweltmeisterin
Juniorpartner	Juniorpartnerin
Juniorprofessor	Juniorprofessorin
Juntachef	Juntachefin
Juraprofessor	Juraprofessorin
Jurassier	Jurassierin
Jurastudent	Jurastudentin
Jurist	Juristin
Juror	Jurorin
Jurypräsident	Jurypräsidentin
Jusstudent	Jusstudentin
Justierer	Justiererin
Justiziar	Justiziarin
Justizkommissar	Justizkommissarin
Justizminister	Justizministerin
Justizsenator	Justizsenatorin
Justizsprecher	Justizsprecherin
Justizstaatssekretär	Justizstaatssekretärin
Justizwachtmeister	Justizwachtmeisterin
Juwelendieb	Juwelendiebin
Kabarettist	Kabarettistin
Kabbalist	Kabbalistin
Kabelanbieter	Kabelanbieterin
Kabelbetreiber	Kabelbetreiberin
Kabeldieb	Kabeldiebin
Kabelhersteller	Kabelherstellerin
Kabelmonteur	Kabelmonteurin
Kabelnetzbetreiber	Kabelnetzbetreiberin
Kabelträger	Kabelträgerin
Kabinettschef	Kabinettschefin
Kabinettsminister	Kabinettsministerin
Kabinettssekretär	Kabinettssekretärin
Kacker	Kackerin
Kaderathlet	Kaderathletin
Kaderleiter	Kaderleiterin
Käfersammler	Käfersammlerin
Kaffeehausbesitzer	Kaffeehausbesitzerin
Kaffeehausbesucher	Kaffeehausbesucherin
Kaffeehausliterat	Kaffeehausliteratin
Kaffeeröster	Kaffeerösterin
Kaffeesatzleser	Kaffeesatzleserin
Kaffeesieder	Kaffeesiederin
Kaffeetrinker	Kaffeetrinkerin
Kaiarbeiter	Kaiarbeiterin
Kairoer	Kairoerin
Kaiserstühler	Kaiserstühlerin
Kajakfahrer	Kajakfahrerin
Kalabrier	Kalabrierin
Kaledonier	Kaledonierin
Kalendermacher	Kalendermacherin
Kalfaktor	Kalfaktorin
Kalifornier	Kalifornierin
Kalligraf	Kalligrafin
Kälteanlagenbauer	Kälteanlagenbauerin
Kältetechniker	Kältetechnikerin
Kambodschaner	Kambodschanerin
Kameltreiber	Kameltreiberin
Kameraassistent	Kameraassistentin
Kamerad	Kameradin
Kameralist	Kameralistin
Kameruner	Kamerunerin
Kaminfeger	Kaminfegerin
Kaminkehrer	Kaminkehrerin
Kammerdiener	Kammerdienerin
Kammerjäger	Kammerjägerin
Kammermusiker	Kammermusikerin
Kammerpräsident	Kammerpräsidentin
Kammersänger	Kammersängerin
Kammerschauspieler	Kammerschauspielerin
Kammmacher	Kammmacherin
Kämpfer	Kämpferin
Kampfflieger	Kampffliegerin
Kampfpilot	Kampfpilotin
Kampfradler	Kampfradlerin
Kampfrichter	Kampfrichterin
Kampfschwimmer	Kampfschwimmerin
Kampfsportler	Kampfsportlerin
Kampftrinker	Kampftrinkerin
Kanaaniter	Kanaaniterin
Kanadier	Kanadierin
Kanalarbeiter	Kanalarbeiterin
Kanalbauer	Kanalbauerin
Kanalräumer	Kanalräumerin
Kanalreiniger	Kanalreinigerin
Kanalschwimmer	Kanalschwimmerin
Kanarier	Kanarierin
Kandidat	Kandidatin
Kaninchenhalter	Kaninchenhalterin
Kaninchenzüchter	Kaninchenzüchterin
Kannegießer	Kannegießerin
Kanonier	Kanonierin
Kanonist	Kanonistin
Kantianer	Kantianerin
Kantinenpächter	Kantinenpächterin
Kantinenwirt	Kantinenwirtin
Kantineur	Kantineurin
Kantonist	Kantonistin
Kantonschemiker	Kantonschemikerin
Kantor	Kantorin
Kanufahrer	Kanufahrerin
Kanzelredner	Kanzelrednerin
Kanzleichef	Kanzleichefin
Kanzleidiener	Kanzleidienerin
Kanzleivorsteher	Kanzleivorsteherin
Kanzler	Kanzlerin
Kanzleramtschef	Kanzleramtschefin
Kanzleramtsminister	Kanzleramtsministerin
Kanzlerberater	Kanzlerberaterin
Kanzlerkandidat	Kanzlerkandidatin
Kapellmeister	Kapellmeisterin
Kapetinger	Kapetingerin
Kapholländer	Kapholländerin
Kapitalanleger	Kapitalanlegerin
Kapitalbesitzer	Kapitalbesitzerin
Kapitaleigner	Kapitaleignerin
Kapitalgeber	Kapitalgeberin
Kapitalismuskritiker	Kapitalismuskritikerin
Kapitalist	Kapitalistin
Kapitalverbrecher	Kapitalverbrecherin
Kapitalvernichter	Kapitalvernichterin
Kapitalvertreter	Kapitalvertreterin
Kapitän	Kapitänin
Kapitulant	Kapitulantin
Kapverdier	Kapverdierin
Karatekämpfer	Karatekämpferin
Karatemeister	Karatemeisterin
Karawanenführer	Karawanenführerin
Karelier	Karelierin
Karer	Karerin
Karikaturenzeichner	Karikaturenzeichnerin
Karikaturist	Karikaturistin
Karlsbader	Karlsbaderin
Karlsruher	Karlsruherin
Karnevalist	Karnevalistin
Kärntner	Kärntnerin
Karolinger	Karolingerin
Karosseriebauer	Karosseriebauerin
Karosserieschneider	Karosserieschneiderin
Karosseriespengler	Karosseriespenglerin
Karriereberater	Karriereberaterin
Karrierecoach	Karrierecoachin
Karrieremacher	Karrieremacherin
Karrierist	Karrieristin
Kärrner	Kärrnerin
Kartellwächter	Kartellwächterin
Kartenabreißer	Kartenabreißerin
Karteninhaber	Karteninhaberin
Kartenkünstler	Kartenkünstlerin
Kartenleger	Kartenlegerin
Kartenschläger	Kartenschlägerin
Kartenzahler	Kartenzahlerin
Kartenzeichner	Kartenzeichnerin
Karthager	Karthagerin
Kartler	Kartlerin
Kartograf	Kartografin
Kartonagenhersteller	Kartonagenherstellerin
Kaser	Kaserin
Käser	Käserin
Kasselaner	Kasselanerin
Kassenführer	Kassenführerin
Kassenfüller	Kassenfüllerin
Kassenpatient	Kassenpatientin
Kassenprüfer	Kassenprüferin
Kassenverwalter	Kassenverwalterin
Kassenwart	Kassenwartin
Kassier	Kassierin
Katalonier	Katalonierin
Katarer	Katarerin
Katechet	Katechetin
Katharer	Katharerin
Kathedersozialist	Kathedersozialistin
Katholik	Katholikin
Katzenfreund	Katzenfreundin
Katzenhalter	Katzenhalterin
Katzensitter	Katzensitterin
Kaufhausdetektiv	Kaufhausdetektivin
Kaufinteressent	Kaufinteressentin
Kaukasier	Kaukasierin
Kavalier	Kavalierin
Keeper	Keeperin
Kegelspieler	Kegelspielerin
Kegler	Keglerin
Keiler	Keilerin
Keimträger	Keimträgerin
Kellerbewohner	Kellerbewohnerin
Kellermeister	Kellermeisterin
Keltiberer	Keltibererin
Kemalist	Kemalistin
Kenianer	Kenianerin
Kenner	Kennerin
Kentaur	Kentaurin
Keramiker	Keramikerin
Kerkermeister	Kerkermeisterin
Kernaktionär	Kernaktionärin
Kernchemiker	Kernchemikerin
Kernkraftgegner	Kernkraftgegnerin
Kernkraftwerkbetreiber	Kernkraftwerkbetreiberin
Kernkraftwerksbetreiber	Kernkraftwerksbetreiberin
Kernphysiker	Kernphysikerin
Kernwaffengegner	Kernwaffengegnerin
Kerzengießer	Kerzengießerin
Kerzenmacher	Kerzenmacherin
Kerzenzieher	Kerzenzieherin
Kesselflicker	Kesselflickerin
Kesselmacher	Kesselmacherin
Kesselschmied	Kesselschmiedin
Kesselwärter	Kesselwärterin
Kessler	Kesslerin
Kettenraucher	Kettenraucherin
Ketzer	Ketzerin
Keyboarder	Keyboarderin
Keyboardspieler	Keyboardspielerin
Keynesianer	Keynesianerin
Kfz-Mechaniker	Kfz-Mechanikerin
Kfz-Schlosser	Kfz-Schlosserin
Kickboxer	Kickboxerin
Kicker	Kickerin
Kidnapper	Kidnapperin
Kieferchirurg	Kieferchirurgin
Kieler	Kielerin
Kiewer	Kiewerin
Kiffer	Kifferin
Killer	Killerin
Kilometerfresser	Kilometerfresserin
Kinderbuchautor	Kinderbuchautorin
Kinderdarsteller	Kinderdarstellerin
Kinderfreund	Kinderfreundin
Kindermörder	Kindermörderin
Kinderpfleger	Kinderpflegerin
Kinderschänder	Kinderschänderin
Kindersoldat	Kindersoldatin
Kinobesitzer	Kinobesitzerin
Kinobetreiber	Kinobetreiberin
Kinogänger	Kinogängerin
Kinogeher	Kinogeherin
Kinotechniker	Kinotechnikerin
Kinovorführer	Kinovorführerin
Kipper	Kipperin
Kirchenbesucher	Kirchenbesucherin
Kirchendiener	Kirchendienerin
Kirchenführer	Kirchenführerin
Kirchengänger	Kirchengängerin
Kirchengegner	Kirchengegnerin
Kirchenlehrer	Kirchenlehrerin
Kirchenpatron	Kirchenpatronin
Kirchenpfleger	Kirchenpflegerin
Kirchenpräsident	Kirchenpräsidentin
Kirchenräuber	Kirchenräuberin
Kirchenvertreter	Kirchenvertreterin
Kirchgänger	Kirchgängerin
Kiribatier	Kiribatierin
Kiter	Kiterin
Kitesurfer	Kitesurferin
Kitzbüheler	Kitzbühelerin
Klagenfurter	Klagenfurterin
Kläger	Klägerin
Klarinettenbauer	Klarinettenbauerin
Klarinettist	Klarinettistin
Klassenchef	Klassenchefin
Klassenfeind	Klassenfeindin
Klassengegner	Klassengegnerin
Klassenkamerad	Klassenkameradin
Klassenkämpfer	Klassenkämpferin
Klassenlehrer	Klassenlehrerin
Klassenleiter	Klassenleiterin
Klassensieger	Klassensiegerin
Klassensprecher	Klassensprecherin
Klassenvertreter	Klassenvertreterin
Klassespieler	Klassespielerin
Klassifikator	Klassifikatorin
Klassizist	Klassizistin
Klasslehrer	Klasslehrerin
Klassleiter	Klassleiterin
Klatscher	Klatscherin
Klatschkolumnist	Klatschkolumnistin
Klatschreporter	Klatschreporterin
Klauber	Klauberin
Klauenpfleger	Klauenpflegerin
Klausner	Klausnerin
Klavierbauer	Klavierbauerin
Klavierbegleiter	Klavierbegleiterin
Klavierlehrer	Klavierlehrerin
Klavierstimmer	Klavierstimmerin
Kleidermacher	Kleidermacherin
Kleinaktionär	Kleinaktionärin
Kleinanleger	Kleinanlegerin
Kleinbürger	Kleinbürgerin
Kleindarsteller	Kleindarstellerin
Kleinerzeuger	Kleinerzeugerin
Kleingärtner	Kleingärtnerin
Kleinhändler	Kleinhändlerin
Kleinhäusler	Kleinhäuslerin
Kleinigkeitskrämer	Kleinigkeitskrämerin
Kleinkapitalist	Kleinkapitalistin
Kleinkrämer	Kleinkrämerin
Kleinrentner	Kleinrentnerin
Kleinsparer	Kleinsparerin
Kleinstädter	Kleinstädterin
Kleintierhalter	Kleintierhalterin
Kleintierzüchter	Kleintierzüchterin
Kleinunternehmer	Kleinunternehmerin
Kleinverbraucher	Kleinverbraucherin
Kleinverdiener	Kleinverdienerin
Klempnermeister	Klempnermeisterin
Kleptokrat	Kleptokratin
Klever	Kleverin
Klezmer	Klezmerin
Klimaforscher	Klimaforscherin
Klimaschützer	Klimaschützerin
Klimasünder	Klimasünderin
Klimatechniker	Klimatechnikerin
Klimawandelleugner	Klimawandelleugnerin
Klingelgangster	Klingelgangsterin
Klinikchef	Klinikchefin
Klinikdirektor	Klinikdirektorin
Kliniker	Klinikerin
Klinkenputzer	Klinkenputzerin
Klopper	Klopperin
Klosterschüler	Klosterschülerin
Klubkamerad	Klubkameradin
Klügler	Klüglerin
Klugredner	Klugrednerin
Klugscheißer	Klugscheißerin
Klugschnacker	Klugschnackerin
Klugschwätzer	Klugschwätzerin
Knauser	Knauserin
Kneipenbesitzer	Kneipenbesitzerin
Kneipengänger	Kneipengängerin
Kneipenwirt	Kneipenwirtin
Knicker	Knickerin
Knobler	Knoblerin
Knochenbrecher	Knochenbrecherin
Knochenhauer	Knochenhauerin
Knochenmarkspender	Knochenmarkspenderin
Knochenmarksspender	Knochenmarksspenderin
Knockouter	Knockouterin
Koalitionär	Koalitionärin
Koalitionspartner	Koalitionspartnerin
Koalitionspolitiker	Koalitionspolitikerin
Koautor	Koautorin
Koblenzer	Koblenzerin
Kobold	Koboldin
Kochkünstler	Kochkünstlerin
Kofferbomber	Kofferbomberin
Kohlegegner	Kohlegegnerin
Kohlenhändler	Kohlenhändlerin
Köhler	Köhlerin
Kokser	Kokserin
Kollaborateur	Kollaborateurin
Kollegiat	Kollegiatin
Kollektivist	Kollektivistin
Kölner	Kölnerin
Kolonialherr	Kolonialherrin
Kolonialist	Kolonialistin
Kolonialwarenhändler	Kolonialwarenhändlerin
Kolonisator	Kolonisatorin
Kolonist	Kolonistin
Kolonnenspringer	Kolonnenspringerin
Kolporteur	Kolporteurin
Kolumbianer	Kolumbianerin
Kolumnist	Kolumnistin
Komapatient	Komapatientin
Komatrinker	Komatrinkerin
Kombattant	Kombattantin
Kombinierer	Kombiniererin
Kommandant	Kommandantin
Kommanditist	Kommanditistin
Kommentator	Kommentatorin
Kommissär	Kommissärin
Kommissionär	Kommissionärin
Kommissionierer	Kommissioniererin
Kommissionsagent	Kommissionsagentin
Kommissionschef	Kommissionschefin
Kommissionspräsident	Kommissionspräsidentin
Kommissionssprecher	Kommissionssprecherin
Kommunalpolitiker	Kommunalpolitikerin
Kommunikationschef	Kommunikationschefin
Kommunikationselektroniker	Kommunikationselektronikerin
Kommunikationspartner	Kommunikationspartnerin
Kommunikationswissenschafter	Kommunikationswissenschafterin
Kommunikationswissenschaftler	Kommunikationswissenschaftlerin
Kommunikator	Kommunikatorin
Kommunist	Kommunistin
Komödiant	Komödiantin
Komödiendichter	Komödiendichterin
Komödienschreiber	Komödienschreiberin
Komorer	Komorerin
Kompaniechef	Kompaniechefin
Kompanieführer	Kompanieführerin
Komparatist	Komparatistin
Kompatriot	Kompatriotin
Kompilator	Kompilatorin
Komplementär	Komplementärin
Kompositeur	Kompositeurin
Kompromisskandidat	Kompromisskandidatin
Kompromissler	Kompromisslerin
Komsomolsekretär	Komsomolsekretärin
Konditionstrainer	Konditionstrainerin
Konditormeister	Konditormeisterin
Kondukteur	Kondukteurin
Konfektmacher	Konfektmacherin
Konferenzteilnehmer	Konferenzteilnehmerin
Konfident	Konfidentin
Konfirmand	Konfirmandin
Konfliktberater	Konfliktberaterin
Konformist	Konformistin
Kongressteilnehmer	Kongressteilnehmerin
König	Königin
Königsberger	Königsbergerin
Königsmacher	Königsmacherin
Konjunkturforscher	Konjunkturforscherin
Konkurrent	Konkurrentin
Konkursgläubiger	Konkursgläubigerin
Konkursrichter	Konkursrichterin
Konkursverwalter	Konkursverwalterin
Könner	Könnerin
Konrektor	Konrektorin
Konservator	Konservatorin
Konsortialführer	Konsortialführerin
Konspirant	Konspirantin
Konspirateur	Konspirateurin
Konspirator	Konspiratorin
Konstantinopeler	Konstantinopelerin
Konstantinopolitaner	Konstantinopolitanerin
Konstrukteur	Konstrukteurin
Konstruktivist	Konstruktivistin
Konsul	Konsulin
Konsularagent	Konsularagentin
Konsulent	Konsulentin
Konsultant	Konsultantin
Konsument	Konsumentin
Konsumentenschützer	Konsumentenschützerin
Kontakter	Kontakterin
Konteninhaber	Konteninhaberin
Konteradmiral	Konteradmiralin
Konterrevolutionär	Konterrevolutionärin
Kontoinhaber	Kontoinhaberin
Kontorsionist	Kontorsionistin
Kontrabassist	Kontrabassistin
Kontrahent	Kontrahentin
Kontrolleur	Kontrolleurin
Kontrollor	Kontrollorin
Konvertit	Konvertitin
Konzepter	Konzepterin
Konzeptioner	Konzeptionerin
Konzeptionist	Konzeptionistin
Konzernchef	Konzernchefin
Konzernherr	Konzernherrin
Konzertagent	Konzertagentin
Konzertbesucher	Konzertbesucherin
Konzertmeister	Konzertmeisterin
Konzertpianist	Konzertpianistin
Konzertsänger	Konzertsängerin
Konzertveranstalter	Konzertveranstalterin
Konzessionär	Konzessionärin
Konzessionsinhaber	Konzessionsinhaberin
Kooperateur	Kooperateurin
Kooperationspartner	Kooperationspartnerin
Kooperator	Kooperatorin
Kopenhagener	Kopenhagenerin
Köpenicker	Köpenickerin
Kopfarbeiter	Kopfarbeiterin
Kopfballspezialist	Kopfballspezialistin
Kopfgeldjäger	Kopfgeldjägerin
Kopfjäger	Kopfjägerin
Kopilot	Kopilotin
Kopist	Kopistin
Koproduzent	Koproduzentin
Korallenfischer	Korallenfischerin
Korber	Korberin
Korbflechter	Korbflechterin
Korbjäger	Korbjägerin
Korbmacher	Korbmacherin
Koreaner	Koreanerin
Korfiot	Korfiotin
Korinthenkacker	Korinthenkackerin
Korinther	Korintherin
Körnerfresser	Körnerfresserin
Korreferent	Korreferentin
Korrektor	Korrektorin
Korrepetitor	Korrepetitorin
Korrespondent	Korrespondentin
Korsar	Korsarin
Kosak	Kosakin
Kosmetikhersteller	Kosmetikherstellerin
Kosmonaut	Kosmonautin
Kosmopolit	Kosmopolitin
Kosovo-Albaner	Kosovo-Albanerin
Kostgänger	Kostgängerin
Kostümbildner	Kostümbildnerin
Köthener	Köthenerin
Krabbenfänger	Krabbenfängerin
Krabbenfischer	Krabbenfischerin
Krachmacher	Krachmacherin
Kradfahrer	Kradfahrerin
Kradmelder	Kradmelderin
Kraftfahrer	Kraftfahrerin
Kraftfahrzeugelektriker	Kraftfahrzeugelektrikerin
Kraftfahrzeugführer	Kraftfahrzeugführerin
Kraftfahrzeughalter	Kraftfahrzeughalterin
Kraftfahrzeugmechaniker	Kraftfahrzeugmechanikerin
Kraftfahrzeugschlosser	Kraftfahrzeugschlosserin
Kraftsportler	Kraftsportlerin
Krähwinkler	Krähwinklerin
Kraichgauer	Kraichgauerin
Krakauer	Krakauerin
Krakeeler	Krakeelerin
Krämer	Krämerin
Kranfahrer	Kranfahrerin
Krankengymnast	Krankengymnastin
Krankenwärter	Krankenwärterin
Kranzbinder	Kranzbinderin
Krauler	Kraulerin
Kraulschwimmer	Kraulschwimmerin
Kräutersammler	Kräutersammlerin
Kräutler	Kräutlerin
Krawallmacher	Krawallmacherin
Kraxler	Kraxlerin
Kreateur	Kreateurin
Kreationist	Kreationistin
Kreator	Kreatorin
Krebsforscher	Krebsforscherin
Krebspatient	Krebspatientin
Krebsspezialist	Krebsspezialistin
Kreditgeber	Kreditgeberin
Kreditnehmer	Kreditnehmerin
Kreditor	Kreditorin
Krefelder	Krefelderin
Kreisbrandmeister	Kreisbrandmeisterin
Kreiser	Kreiserin
Kreisläufer	Kreisläuferin
Kreisligist	Kreisligistin
Kreisspieler	Kreisspielerin
Kremlkritiker	Kremlkritikerin
Kreter	Kreterin
Kricketspieler	Kricketspielerin
Kriecher	Kriecherin
Krieger	Kriegerin
Kriegsberichterstatter	Kriegsberichterstatterin
Kriegsgegner	Kriegsgegnerin
Kriegsgewinnler	Kriegsgewinnlerin
Kriegsheld	Kriegsheldin
Kriegsherr	Kriegsherrin
Kriegskamerad	Kriegskameradin
Kriegsreporter	Kriegsreporterin
Kriegsteilnehmer	Kriegsteilnehmerin
Kriegstreiber	Kriegstreiberin
Kriegsverbrecher	Kriegsverbrecherin
Kriegsverräter	Kriegsverräterin
Kriegsveteran	Kriegsveteranin
Krimiautor	Krimiautorin
Kriminaler	Kriminalerin
Kriminalhauptkommissar	Kriminalhauptkommissarin
Kriminalist	Kriminalistin
Kriminalkommissar	Kriminalkommissarin
Krimtatar	Krimtatarin
Kripochef	Kripochefin
Krisengewinner	Krisengewinnerin
Krisenmanager	Krisenmanagerin
Kritikaster	Kritikasterin
Kritiker	Kritikerin
Krittler	Krittlerin
Kronfavorit	Kronfavoritin
Kronprätendent	Kronprätendentin
Krüger	Krügerin
Kryptocalvinist	Kryptocalvinistin
Kubaner	Kubanerin
Kuchenbäcker	Kuchenbäckerin
Küchenchef	Küchenchefin
Küchenleiter	Küchenleiterin
Küchenmeister	Küchenmeisterin
Kucker	Kuckerin
Küfer	Küferin
Kugelstoßer	Kugelstoßerin
Kuhhirt	Kuhhirtin
Kulak	Kulakin
Kulissenschieber	Kulissenschieberin
Kulmbacher	Kulmbacherin
Kulturdezernent	Kulturdezernentin
Kulturfunktionär	Kulturfunktionärin
Kulturhistoriker	Kulturhistorikerin
Kulturkritiker	Kulturkritikerin
Kulturminister	Kulturministerin
Kulturpessimist	Kulturpessimistin
Kulturreferent	Kulturreferentin
Kultursenator	Kultursenatorin
Kulturstaatsminister	Kulturstaatsministerin
Kulturträger	Kulturträgerin
Kulturwissenschafter	Kulturwissenschafterin
Kulturwissenschaftler	Kulturwissenschaftlerin
Kultusminister	Kultusministerin
Kultussenator	Kultussenatorin
Kümmelspalter	Kümmelspalterin
Kumpan	Kumpanin
Kumpel	Kumpelin
Kundenberater	Kundenberaterin
Kundenwerber	Kundenwerberin
Künder	Künderin
Kundschafter	Kundschafterin
Kunstdieb	Kunstdiebin
Kunstenthusiast	Kunstenthusiastin
Kunsterzieher	Kunsterzieherin
Kunstflieger	Kunstfliegerin
Kunstfreund	Kunstfreundin
Kunstgewerbler	Kunstgewerblerin
Kunstgönner	Kunstgönnerin
Kunsthändler	Kunsthändlerin
Kunsthandwerker	Kunsthandwerkerin
Kunsthistoriker	Kunsthistorikerin
Kunstjünger	Kunstjüngerin
Kunstkritiker	Kunstkritikerin
Kunstliebhaber	Kunstliebhaberin
Kunstmaler	Kunstmalerin
Kunstmäzen	Kunstmäzenin
Kunstreiter	Kunstreiterin
Kunstsammler	Kunstsammlerin
Kunstschlosser	Kunstschlosserin
Kunstschmied	Kunstschmiedin
Kunstschreiner	Kunstschreinerin
Kunsttischler	Kunsttischlerin
Kunsttöpfer	Kunsttöpferin
Kunstturner	Kunstturnerin
Kunstwissenschafter	Kunstwissenschafterin
Kunstwissenschaftler	Kunstwissenschaftlerin
Kupferdieb	Kupferdiebin
Kupferschmied	Kupferschmiedin
Kupferstecher	Kupferstecherin
Kuppler	Kupplerin
Kurant	Kurantin
Kurdirektor	Kurdirektorin
Kurfürst	Kurfürstin
Kurierfahrer	Kurierfahrerin
Kuriositätenhändler	Kuriositätenhändlerin
Kürläufer	Kürläuferin
Kurpatient	Kurpatientin
Kurpfälzer	Kurpfälzerin
Kurpfuscher	Kurpfuscherin
Kürschner	Kürschnerin
Kursleiter	Kursleiterin
Kursteilnehmer	Kursteilnehmerin
Kurzarbeiter	Kurzarbeiterin
Kurzparker	Kurzparkerin
Kurzschriftler	Kurzschriftlerin
Kurzstreckenläufer	Kurzstreckenläuferin
Kurzstreckler	Kurzstrecklerin
Küster	Küsterin
Kutscher	Kutscherin
Kuwaiter	Kuwaiterin
Kybernetiker	Kybernetikerin
Kyniker	Kynikerin
KZ-Aufseher	KZ-Aufseherin
KZ-Wächter	KZ-Wächterin
Laboer	Laboerin
Laborant	Laborantin
Lacher	Lacherin
Lackierer	Lackiererin
Ladenbesitzer	Ladenbesitzerin
Ladeninhaber	Ladeninhaberin
Ladiner	Ladinerin
Lagerarbeiter	Lagerarbeiterin
Lageraufseher	Lageraufseherin
Lagerführer	Lagerführerin
Lagerhalter	Lagerhalterin
Lagerist	Lageristin
Lagerleiter	Lagerleiterin
Lagermeister	Lagermeisterin
Lagerverwalter	Lagerverwalterin
Laiendarsteller	Laiendarstellerin
Laienkünstler	Laienkünstlerin
Laienmaler	Laienmalerin
Laienprediger	Laienpredigerin
Laienpriester	Laienpriesterin
Laienrichter	Laienrichterin
Laienschauspieler	Laienschauspielerin
Laizist	Laizistin
Lakai	Lakaiin
Landarbeiter	Landarbeiterin
Landbewohner	Landbewohnerin
Landeigentümer	Landeigentümerin
Länderchef	Länderchefin
Landesamtsdirektor	Landesamtsdirektorin
Landeschef	Landeschefin
Landesfeind	Landesfeindin
Landesfürst	Landesfürstin
Landesherr	Landesherrin
Landesmeister	Landesmeisterin
Landespolitiker	Landespolitikerin
Landesschulinspektor	Landesschulinspektorin
Landesverräter	Landesverräterin
Landfahrer	Landfahrerin
Landgerichtspräsident	Landgerichtspräsidentin
Landmesser	Landmesserin
Landpfarrer	Landpfarrerin
Landschaftsarchitekt	Landschaftsarchitektin
Landschaftsgestalter	Landschaftsgestalterin
Landschaftsmaler	Landschaftsmalerin
Landschreiber	Landschreiberin
Landstörzer	Landstörzerin
Landstreicher	Landstreicherin
Landtagspräsident	Landtagspräsidentin
Landvermesser	Landvermesserin
Landwirt	Landwirtin
Landwirtschaftsminister	Landwirtschaftsministerin
Langläufer	Langläuferin
Langschläfer	Langschläferin
Langstreckenläufer	Langstreckenläuferin
Langstreckenschwimmer	Langstreckenschwimmerin
Langstreckler	Langstrecklerin
Langweiler	Langweilerin
Lappländer	Lappländerin
Lärmsünder	Lärmsünderin
Lastenträger	Lastenträgerin
Lastfahrer	Lastfahrerin
Lastkraftwagenfahrer	Lastkraftwagenfahrerin
Lastträger	Lastträgerin
Lastwagenfahrer	Lastwagenfahrerin
Lateinamerikaner	Lateinamerikanerin
Lateiner	Lateinerin
Lateinlehrer	Lateinlehrerin
Laternenparker	Laternenparkerin
Latiner	Latinerin
Latzhosenträger	Latzhosenträgerin
Laubenpieper	Laubenpieperin
Laudator	Laudatorin
Laureat	Laureatin
Lausanner	Lausannerin
Lauscher	Lauscherin
Lauser	Lauserin
Lausitzer	Lausitzerin
Lautenschläger	Lautenschlägerin
Lautenspieler	Lautenspielerin
Layouter	Layouterin
Leader	Leaderin
Leasinggeber	Leasinggeberin
Leasingnehmer	Leasingnehmerin
Lebensabschnittsbegleiter	Lebensabschnittsbegleiterin
Lebensabschnittspartner	Lebensabschnittspartnerin
Lebenskamerad	Lebenskameradin
Lebenskünstler	Lebenskünstlerin
Lebensmittelchemiker	Lebensmittelchemikerin
Lebensmittelkontrolleur	Lebensmittelkontrolleurin
Lebensmittelretter	Lebensmittelretterin
Lebenspartner	Lebenspartnerin
Lebensreformer	Lebensreformerin
Lebensretter	Lebensretterin
Lebküchler	Lebküchlerin
Lebküchner	Lebküchnerin
Lebuser	Lebuserin
Lebzelter	Lebzelterin
Lederfetischist	Lederfetischistin
Legastheniker	Legasthenikerin
Legat	Legatin
Legendenerzähler	Legendenerzählerin
Legionär	Legionärin
Legitimist	Legitimistin
Lehnsherr	Lehnsherrin
Lehrabgänger	Lehrabgängerin
Lehramtsanwärter	Lehramtsanwärterin
Lehramtskandidat	Lehramtskandidatin
Lehramtsstudent	Lehramtsstudentin
Lehrausbilder	Lehrausbilderin
Lehrer	Lehrerin
Lehrerstudent	Lehrerstudentin
Lehrfacharbeiter	Lehrfacharbeiterin
Lehrgangsteilnehmer	Lehrgangsteilnehmerin
Lehrhauer	Lehrhauerin
Lehrherr	Lehrherrin
Lehrlingsausbilder	Lehrlingsausbilderin
Lehrmeister	Lehrmeisterin
Lehrrettungsassistent	Lehrrettungsassistentin
Lehrstuhlinhaber	Lehrstuhlinhaberin
Leibdiener	Leibdienerin
Leibeserzieher	Leibeserzieherin
Leibgardist	Leibgardistin
Leibwächter	Leibwächterin
Leichenbeschauer	Leichenbeschauerin
Leichenbestatter	Leichenbestatterin
Leichenbitter	Leichenbitterin
Leichenredner	Leichenrednerin
Leichenschänder	Leichenschänderin
Leichenträger	Leichenträgerin
Leichenwärter	Leichenwärterin
Leichenwäscher	Leichenwäscherin
Leichtathlet	Leichtathletin
Leichtgewichtler	Leichtgewichtlerin
Leiharbeiter	Leiharbeiterin
Leiharbeitnehmer	Leiharbeitnehmerin
Leiher	Leiherin
Leihgeber	Leihgeberin
Leimsieder	Leimsiederin
Leinenweber	Leinenweberin
Leineweber	Leineweberin
Leinwandheld	Leinwandheldin
Leinweber	Leinweberin
Leipziger	Leipzigerin
Leisetreter	Leisetreterin
Leistungsempfänger	Leistungsempfängerin
Leistungserbringer	Leistungserbringerin
Leistungssportler	Leistungssportlerin
Leistungsträger	Leistungsträgerin
Leitartikelschreiber	Leitartikelschreiberin
Leitartikler	Leitartiklerin
Leiter	Leiterin
Lektor	Lektorin
Leningrader	Leningraderin
Leninist	Leninistin
Lenker	Lenkerin
Lerner	Lernerin
Lesbier	Lesbierin
Lesebotschafter	Lesebotschafterin
Leser	Leserin
Leserbriefschreiber	Leserbriefschreiberin
Leserreporter	Leserreporterin
Lesother	Lesotherin
Letztverbraucher	Letztverbraucherin
Leugner	Leugnerin
Leuteschinder	Leuteschinderin
Levantiner	Levantinerin
Leverkusener	Leverkusenerin
Lexikograf	Lexikografin
Liberalist	Liberalistin
Liberianer	Liberianerin
Librettist	Librettistin
Libyer	Libyerin
Liebediener	Liebedienerin
Liebesbetrüger	Liebesbetrügerin
Liebesdiener	Liebesdienerin
Liebespartner	Liebespartnerin
Liebhaber	Liebhaberin
Liebling	Lieblingin
Lieblingsdichter	Lieblingsdichterin
Lieblingsfeind	Lieblingsfeindin
Lieblingslehrer	Lieblingslehrerin
Lieblingsschriftsteller	Lieblingsschriftstellerin
Lieblingsschüler	Lieblingsschülerin
Liechtensteiner	Liechtensteinerin
Liederdichter	Liederdichterin
Liederkomponist	Liederkomponistin
Liedermacher	Liedermacherin
Liedersänger	Liedersängerin
Liedsänger	Liedsängerin
Lieferant	Lieferantin
Ligist	Ligistin
Ligurer	Ligurerin
Liliputaner	Liliputanerin
Limburger	Limburgerin
Linguist	Linguistin
Linienrichter	Linienrichterin
Linksabbieger	Linksabbiegerin
Linksabweichler	Linksabweichlerin
Linksausleger	Linksauslegerin
Linksextremist	Linksextremistin
Linksfaschist	Linksfaschistin
Linkshänder	Linkshänderin
Linkssektierer	Linkssektiererin
Linksterrorist	Linksterroristin
Linksverbinder	Linksverbinderin
Linzer	Linzerin
Liquidator	Liquidatorin
Lispler	Lisplerin
Lissabonner	Lissabonnerin
Listenführer	Listenführerin
Litauer	Litauerin
Literarhistoriker	Literarhistorikerin
Literat	Literatin
Literaturforscher	Literaturforscherin
Literaturhistoriker	Literaturhistorikerin
Literaturkritiker	Literaturkritikerin
Literaturnobelpreisträger	Literaturnobelpreisträgerin
Literaturproduzent	Literaturproduzentin
Literaturwissenschafter	Literaturwissenschafterin
Literaturwissenschaftler	Literaturwissenschaftlerin
Lithograf	Lithografin
Livländer	Livländerin
Lizenzgeber	Lizenzgeberin
Lizenzinhaber	Lizenzinhaberin
Lizenznehmer	Lizenznehmerin
Lizenzspieler	Lizenzspielerin
Lizenzträger	Lizenzträgerin
Lkw-Fahrer	Lkw-Fahrerin
Lobbyist	Lobbyistin
Lobhudler	Lobhudlerin
Lobredner	Lobrednerin
Locarner	Locarnerin
Locher	Locherin
Logenschließer	Logenschließerin
Logiker	Logikerin
Logistiker	Logistikerin
Lohnarbeiter	Lohnarbeiterin
Lohnbuchhalter	Lohnbuchhalterin
Lohndrücker	Lohndrückerin
Lohnempfänger	Lohnempfängerin
Lohnverrechner	Lohnverrechnerin
Lokalberichterstatter	Lokalberichterstatterin
Lokalmatador	Lokalmatadorin
Lokalpolitiker	Lokalpolitikerin
Lokalredakteur	Lokalredakteurin
Lokalreporter	Lokalreporterin
Lokomotivführer	Lokomotivführerin
Londoner	Londonerin
Lordrichter	Lordrichterin
Lordsiegelbewahrer	Lordsiegelbewahrerin
Löscher	Löscherin
Loser	Loserin
Losverkäufer	Losverkäuferin
Lothringer	Lothringerin
Lotterieeinnehmer	Lotterieeinnehmerin
Lottogewinner	Lottogewinnerin
Lottokönig	Lottokönigin
Lottomillionär	Lottomillionärin
Lottospieler	Lottospielerin
Lover	Loverin
Löwenbändiger	Löwenbändigerin
Loyalist	Loyalistin
Lübecker	Lübeckerin
Lucianer	Lucianerin
Lückenfüller	Lückenfüllerin
Lückenspringer	Lückenspringerin
Ludwigshafener	Ludwigshafenerin
Luftakrobat	Luftakrobatin
Luftfahrer	Luftfahrerin
Luftkutscher	Luftkutscherin
Luftpassagier	Luftpassagierin
Luftpirat	Luftpiratin
Luftpolizist	Luftpolizistin
Luftschiffbauer	Luftschiffbauerin
Luftschiffer	Luftschifferin
Luftverpester	Luftverpesterin
Luftwaffenhelfer	Luftwaffenhelferin
Lügenbaron	Lügenbaronin
Lügenbold	Lügenboldin
Lügner	Lügnerin
Lumpenhändler	Lumpenhändlerin
Lumpenproletarier	Lumpenproletarierin
Lumpensammler	Lumpensammlerin
Lustesser	Lustesserin
Lustgreis	Lustgreisin
Lustmörder	Lustmörderin
Lustspieldichter	Lustspieldichterin
Lutheraner	Lutheranerin
Luxemburger	Luxemburgerin
Luzerner	Luzernerin
Lydier	Lydierin
Lykier	Lykierin
Lyoner	Lyonerin
Lyriker	Lyrikerin
Maat	Maatin
Macher	Macherin
Machiavellist	Machiavellistin
Machthaber	Machthaberin
Machtpolitiker	Machtpolitikerin
Mädchenhändler	Mädchenhändlerin
Madeirer	Madeirerin
Madrider	Madriderin
Magazinarbeiter	Magazinarbeiterin
Magazinverwalter	Magazinverwalterin
Magdeburger	Magdeburgerin
Maghrebiner	Maghrebinerin
Magier	Magierin
Magistrat	Magistratin
Magistratsvertreter	Magistratsvertreterin
Magnat	Magnatin
Magnetiseur	Magnetiseurin
Magyar	Magyarin
Mähder	Mähderin
Mäher	Mäherin
Mahner	Mahnerin
Mailänder	Mailänderin
Mailer	Mailerin
Mainzer	Mainzerin
Makedonier	Makedonierin
Makler	Maklerin
Mäkler	Mäklerin
Malawier	Malawierin
Malaysier	Malaysierin
Malediver	Malediverin
Maler	Malerin
Malerdichter	Malerdichterin
Malerfürst	Malerfürstin
Malermeister	Malermeisterin
Malier	Malierin
Mallorquiner	Mallorquinerin
Malocher	Malocherin
Malteser	Malteserin
Mälzer	Mälzerin
Mandant	Mandantin
Mandatsträger	Mandatsträgerin
Mangler	Manglerin
Manierist	Manieristin
Manifestant	Manifestantin
Manipulant	Manipulantin
Manndecker	Manndeckerin
Mannheimer	Mannheimerin
Mannschaftsführer	Mannschaftsführerin
Mannschaftskamerad	Mannschaftskameradin
Mannschaftskapitän	Mannschaftskapitänin
Mannschaftssieger	Mannschaftssiegerin
Manufakturist	Manufakturistin
Maoist	Maoistin
Marathonläufer	Marathonläuferin
Marburger	Marburgerin
Märchendichter	Märchendichterin
Märchenerzähler	Märchenerzählerin
Märchenheld	Märchenheldin
Märchenkönig	Märchenkönigin
Marineflieger	Marinefliegerin
Marineinfanterist	Marineinfanteristin
Marinemaler	Marinemalerin
Marineoffizier	Marineoffizierin
Marinesoldat	Marinesoldatin
Marionettenspieler	Marionettenspielerin
Markenartikler	Markenartiklerin
Markenbotschafter	Markenbotschafterin
Markenhersteller	Markenherstellerin
Markensammler	Markensammlerin
Märker	Märkerin
Marketender	Marketenderin
Marketer	Marketerin
Marketingchef	Marketingchefin
Marketingdirektor	Marketingdirektorin
Marketingleiter	Marketingleiterin
Marketingmanager	Marketingmanagerin
Markscheider	Markscheiderin
Marktbeobachter	Marktbeobachterin
Marktbeschicker	Marktbeschickerin
Marktfahrer	Marktfahrerin
Marktforscher	Marktforscherin
Marktführer	Marktführerin
Markthändler	Markthändlerin
Markthelfer	Markthelferin
Marktleader	Marktleaderin
Marktschreier	Marktschreierin
Marktteilnehmer	Marktteilnehmerin
Marmorschleifer	Marmorschleiferin
Marodeur	Marodeurin
Marokkaner	Marokkanerin
Maronibrater	Maronibraterin
Maronit	Maronitin
Marsbewohner	Marsbewohnerin
Marschierer	Marschiererin
Marseiller	Marseillerin
Marshaller	Marshallerin
Martyrer	Martyrerin
Marxist	Marxistin
Maschinenarbeiter	Maschinenarbeiterin
Maschinenbauer	Maschinenbauerin
Maschinenbauingenieur	Maschinenbauingenieurin
Maschinenbaumechaniker	Maschinenbaumechanikerin
Maschinenbediener	Maschinenbedienerin
Maschinenführer	Maschinenführerin
Maschinenmeister	Maschinenmeisterin
Maschinenschlosser	Maschinenschlosserin
Maschinenschreiber	Maschinenschreiberin
Maschinensetzer	Maschinensetzerin
Maschinenstürmer	Maschinenstürmerin
Maschinenwärter	Maschinenwärterin
Maschinist	Maschinistin
Maskenbildner	Maskenbildnerin
Masochist	Masochistin
Massegläubiger	Massegläubigerin
Massenmörder	Massenmörderin
Masseverwalter	Masseverwalterin
Maßschneider	Maßschneiderin
Mäster	Mästerin
Masterabsolvent	Masterabsolventin
Masterstudent	Masterstudentin
Matador	Matadorin
Matchwinner	Matchwinnerin
Materialist	Materialistin
Mathematiklehrer	Mathematiklehrerin
Mattenleiter	Mattenleiterin
Mattenrichter	Mattenrichterin
Mauermeister	Mauermeisterin
Maulheld	Maulheldin
Maurermeister	Maurermeisterin
Maurerpolier	Maurerpolierin
Mauretanier	Mauretanierin
Mauritier	Mauritierin
Mautner	Mautnerin
Mautpreller	Mautprellerin
Maximalist	Maximalistin
Mazedonier	Mazedonierin
Mechanisator	Mechanisatorin
Mechanist	Mechanistin
Mechatroniker	Mechatronikerin
Mecklenburger	Mecklenburgerin
Medaillengewinner	Medaillengewinnerin
Medailleur	Medailleurin
Mediaberater	Mediaberaterin
Mediamatiker	Mediamatikerin
Mediaplaner	Mediaplanerin
Mediator	Mediatorin
Medienberater	Medienberaterin
Medieninhaber	Medieninhaberin
Mediensprecher	Mediensprecherin
Medienunternehmer	Medienunternehmerin
Medienvertreter	Medienvertreterin
Medienwächter	Medienwächterin
Medizinalassistent	Medizinalassistentin
Medizinaldirektor	Medizinaldirektorin
Medizinalpraktikant	Medizinalpraktikantin
Medizinhistoriker	Medizinhistorikerin
Medizinjournalist	Medizinjournalistin
Medizinstudent	Medizinstudentin
Meereskundler	Meereskundlerin
Megalithiker	Megalithikerin
Mehrer	Mehrerin
Mehrheitsaktionär	Mehrheitsaktionärin
Mehrheitsbeschaffer	Mehrheitsbeschafferin
Mehrheitseigner	Mehrheitseignerin
Mehrheitsgesellschafter	Mehrheitsgesellschafterin
Mehrkämpfer	Mehrkämpferin
Mehrstaater	Mehrstaaterin
Meier	Meierin
Meilenläufer	Meilenläuferin
Meininger	Meiningerin
Meinungsbildner	Meinungsbildnerin
Meinungsforscher	Meinungsforscherin
Meinungsführer	Meinungsführerin
Meinungsmacher	Meinungsmacherin
Meißener	Meißenerin
Meißner	Meißnerin
Meister	Meisterin
Meisterdetektiv	Meisterdetektivin
Meisterdieb	Meisterdiebin
Meistermacher	Meistermacherin
Meisterschüler	Meisterschülerin
Melancholiker	Melancholikerin
Meldegänger	Meldegängerin
Melder	Melderin
Melker	Melkerin
Melodiker	Melodikerin
Memeler	Memelerin
Memoirenschreiber	Memoirenschreiberin
Mennonit	Mennonitin
Menorquiner	Menorquinerin
Menschendarsteller	Menschendarstellerin
Menschenfänger	Menschenfängerin
Menschenfeind	Menschenfeindin
Menschenfresser	Menschenfresserin
Menschenhändler	Menschenhändlerin
Menschenhasser	Menschenhasserin
Menschenjäger	Menschenjägerin
Menschenkenner	Menschenkennerin
Menschenräuber	Menschenräuberin
Menschenrechtler	Menschenrechtlerin
Menschenschinder	Menschenschinderin
Menschenverächter	Menschenverächterin
Menschewik	Menschewikin
Menschheitsbeglücker	Menschheitsbeglückerin
Mentor	Mentorin
Meraner	Meranerin
Merchandiser	Merchandiserin
Merkantilist	Merkantilistin
Merker	Merkerin
Merowinger	Merowingerin
Mesmer	Mesmerin
Mesner	Mesnerin
Mesopotamier	Mesopotamierin
Messdiener	Messdienerin
Messeaussteller	Messeausstellerin
Messebesucher	Messebesucherin
Messerheld	Messerheldin
Messerschmied	Messerschmiedin
Messerstecher	Messerstecherin
Messerwerfer	Messerwerferin
Metallarbeiter	Metallarbeiterin
Metalldieb	Metalldiebin
Metaller	Metallerin
Metallgießer	Metallgießerin
Metallkundler	Metallkundlerin
Metallurg	Metallurgin
Metaphysiker	Metaphysikerin
Methodiker	Methodikerin
Methodist	Methodistin
Metriker	Metrikerin
Metzgermeister	Metzgermeisterin
Metzler	Metzlerin
Meuchelmörder	Meuchelmörderin
Meuchler	Meuchlerin
Mexikaner	Mexikanerin
Midianiter	Midianiterin
Miesepeter	Miesepeterin
Miesmacher	Miesmacherin
Mietrebell	Mietrebellin
Migräniker	Migränikerin
Migrant	Migrantin
Mikronesier	Mikronesierin
Milcher	Milcherin
Militärchef	Militärchefin
Militarist	Militaristin
Militärmachthaber	Militärmachthaberin
Militärpfarrer	Militärpfarrerin
Militärpolizist	Militärpolizistin
Militärsprecher	Militärsprecherin
Milizionär	Milizionärin
Milizsoldat	Milizsoldatin
Milliardär	Milliardärin
Mindener	Mindenerin
Minderheitsaktionär	Minderheitsaktionärin
Minenarbeiter	Minenarbeiterin
Mineur	Mineurin
Miniaturmaler	Miniaturmalerin
Minijobber	Minijobberin
Minimalist	Minimalistin
Ministerialdirektor	Ministerialdirektorin
Ministerialdirigent	Ministerialdirigentin
Ministeriumssprecher	Ministeriumssprecherin
Ministerpräsident	Ministerpräsidentin
Ministrant	Ministrantin
Misanthrop	Misanthropin
Missbraucher	Missbraucherin
Missetäter	Missetäterin
Missionar	Missionarin
Missionär	Missionärin
Missionschef	Missionschefin
Mitarbeiter	Mitarbeiterin
Mitautor	Mitautorin
Mitbegründer	Mitbegründerin
Mitbesitzer	Mitbesitzerin
Mitbewerber	Mitbewerberin
Mitbewohner	Mitbewohnerin
Mitbürger	Mitbürgerin
Miteigentümer	Miteigentümerin
Mitesser	Mitesserin
Mitfahrer	Mitfahrerin
Mitgesellschafter	Mitgesellschafterin
Mitgründer	Mitgründerin
Mithelfer	Mithelferin
Mitherausgeber	Mitherausgeberin
Mithörer	Mithörerin
Mitinhaber	Mitinhaberin
Mitkämpfer	Mitkämpferin
Mitkläger	Mitklägerin
Mitläufer	Mitläuferin
Mitmacher	Mitmacherin
Mitpassagier	Mitpassagierin
Mitpatient	Mitpatientin
Mitschüler	Mitschülerin
Mitspieler	Mitspielerin
Mitstreiter	Mitstreiterin
Mittachtziger	Mittachtzigerin
Mittäter	Mittäterin
Mittdreißiger	Mittdreißigerin
Mittelamerikaner	Mittelamerikanerin
Mitteleuropäer	Mitteleuropäerin
Mittelfeldspieler	Mittelfeldspielerin
Mittelgewichtler	Mittelgewichtlerin
Mittelläufer	Mittelläuferin
Mittelschullehrer	Mittelschullehrerin
Mittelständler	Mittelständlerin
Mittelstreckenläufer	Mittelstreckenläuferin
Mittelstreckler	Mittelstrecklerin
Mittelstürmer	Mittelstürmerin
Mittfünfziger	Mittfünfzigerin
Mittler	Mittlerin
Mittneunziger	Mittneunzigerin
Mittsechziger	Mittsechzigerin
Mittsiebziger	Mittsiebzigerin
Mittvierziger	Mittvierzigerin
Mittzwanziger	Mittzwanzigerin
Mitunterzeichner	Mitunterzeichnerin
Mitveranstalter	Mitveranstalterin
Mitverfasser	Mitverfasserin
Mitwisser	Mitwisserin
Mixer	Mixerin
Mnemotechniker	Mnemotechnikerin
Moabiter	Moabiterin
Möbelhändler	Möbelhändlerin
Möbelpacker	Möbelpackerin
Möbelschreiner	Möbelschreinerin
Möbelspediteur	Möbelspediteurin
Möbeltischler	Möbeltischlerin
Möbelträger	Möbelträgerin
Möbeltransporteur	Möbeltransporteurin
Möbelwerker	Möbelwerkerin
Mobilfunkanbieter	Mobilfunkanbieterin
Mobilfunkbetreiber	Mobilfunkbetreiberin
Mobilfunker	Mobilfunkerin
Mobilist	Mobilistin
Mobilitätsdienstleister	Mobilitätsdienstleisterin
Möchtegernkünstler	Möchtegernkünstlerin
Modedesigner	Modedesignerin
Modedichter	Modedichterin
Modefotograf	Modefotografin
Modegestalter	Modegestalterin
Modejournalist	Modejournalistin
Modellbahner	Modellbahnerin
Modellbauer	Modellbauerin
Modelleur	Modelleurin
Modellierer	Modelliererin
Modellist	Modellistin
Modelltischler	Modelltischlerin
Modemacher	Modemacherin
Modephotograph	Modephotographin
Moderator	Moderatorin
Modernisierer	Modernisiererin
Modernist	Modernistin
Modeschöpfer	Modeschöpferin
Modezar	Modezarin
Modezeichner	Modezeichnerin
Modist	Modistin
Mofafahrer	Mofafahrerin
Mofalenker	Mofalenkerin
Mogler	Moglerin
Mohammedaner	Mohammedanerin
Mohikaner	Mohikanerin
Mohr	Mohrin
Moldauer	Moldauerin
Molukker	Molukkerin
Monarch	Monarchin
Monarchist	Monarchistin
Mondfahrer	Mondfahrerin
Mondseer	Mondseerin
Monetarist	Monetaristin
Monogrammist	Monogrammistin
Monologist	Monologistin
Monopolinhaber	Monopolinhaberin
Monopolist	Monopolistin
Monopolkapitalist	Monopolkapitalistin
Monoskifahrer	Monoskifahrerin
Monotheist	Monotheistin
Montenegriner	Montenegrinerin
Monteur	Monteurin
Montevideaner	Montevideanerin
Montierer	Montiererin
Mopedfahrer	Mopedfahrerin
Mopedlenker	Mopedlenkerin
Moralapostel	Moralapostelin
Moralhüter	Moralhüterin
Moralist	Moralistin
Moralphilosoph	Moralphilosophin
Moralprediger	Moralpredigerin
Mordbrenner	Mordbrennerin
Morgenländer	Morgenländerin
Moritatensänger	Moritatensängerin
Morphinist	Morphinistin
Mosambikaner	Mosambikanerin
Mosambiker	Mosambikerin
Moskauer	Moskauerin
Moskowiter	Moskowiterin
Motivationsredner	Motivationsrednerin
Motivsammler	Motivsammlerin
Motorfahrer	Motorfahrerin
Motoriker	Motorikerin
Mountainbiker	Mountainbikerin
Mucker	Muckerin
Mühlenbauer	Mühlenbauerin
Müllfahrer	Müllfahrerin
Müllkutscher	Müllkutscherin
Mülltaucher	Mülltaucherin
Müllwerker	Müllwerkerin
Multimilliardär	Multimilliardärin
Multimillionär	Multimillionärin
Multiplikator	Multiplikatorin
Mummelgreis	Mummelgreisin
Münchener	Münchenerin
Münchner	Münchnerin
Mundartdichter	Mundartdichterin
Mundartsprecher	Mundartsprecherin
Mündener	Mündenerin
Mundmaler	Mundmalerin
Münsteraner	Münsteranerin
Münzfälscher	Münzfälscherin
Münzkundler	Münzkundlerin
Münzmeister	Münzmeisterin
Murkser	Murkserin
Muscheltaucher	Muscheltaucherin
Muselman	Muselmanin
Museumsaufseher	Museumsaufseherin
Museumsdiener	Museumsdienerin
Museumsdirektor	Museumsdirektorin
Museumsführer	Museumsführerin
Museumswärter	Museumswärterin
Musher	Musherin
Musikant	Musikantin
Musikdirektor	Musikdirektorin
Musikerzieher	Musikerzieherin
Musikfreund	Musikfreundin
Musikhistoriker	Musikhistorikerin
Musikjournalist	Musikjournalistin
Musikkritiker	Musikkritikerin
Musiklehrer	Musiklehrerin
Musikliebhaber	Musikliebhaberin
Musikproduzent	Musikproduzentin
Musikprofessor	Musikprofessorin
Musikwissenschafter	Musikwissenschafterin
Musikwissenschaftler	Musikwissenschaftlerin
Muslim	Muslimin
Müßiggänger	Müßiggängerin
Musterschüler	Musterschülerin
Musterzeichner	Musterzeichnerin
Mutant	Mutantin
Muttermörder	Muttermörderin
Muttersprachler	Muttersprachlerin
Mystiker	Mystikerin
Nachäffer	Nachäfferin
Nachahmer	Nachahmerin
Nachahmungstäter	Nachahmungstäterin
Nachbeter	Nachbeterin
Nachfolgekandidat	Nachfolgekandidatin
Nachfolger	Nachfolgerin
Nachfrager	Nachfragerin
Nachhaltigkeitsmanager	Nachhaltigkeitsmanagerin
Nachhilfelehrer	Nachhilfelehrerin
Nachhilfeschüler	Nachhilfeschülerin
Nachlasser	Nachlasserin
Nachlassgläubiger	Nachlassgläubigerin
Nachlasspfleger	Nachlasspflegerin
Nachmieter	Nachmieterin
Nachrichter	Nachrichterin
Nachrücker	Nachrückerin
Nachsprecher	Nachsprecherin
Nachtportier	Nachtportierin
Nachtschwärmer	Nachtschwärmerin
Nachtwächter	Nachtwächterin
Nachtwandler	Nachtwandlerin
Nachwuchsautor	Nachwuchsautorin
Nachwuchsfahrer	Nachwuchsfahrerin
Nachwuchsläufer	Nachwuchsläuferin
Nachwuchspolitiker	Nachwuchspolitikerin
Nachwuchsregisseur	Nachwuchsregisseurin
Nachwuchsschauspieler	Nachwuchsschauspielerin
Nachwuchsschwimmer	Nachwuchsschwimmerin
Nachwuchsspieler	Nachwuchsspielerin
Nachwuchswissenschafter	Nachwuchswissenschafterin
Nachwuchswissenschaftler	Nachwuchswissenschaftlerin
Nachzügler	Nachzüglerin
Nacktbader	Nacktbaderin
Nacktputzer	Nacktputzerin
Nadler	Nadlerin
Näher	Näherin
Nährer	Nährerin
Namenspatron	Namenspatronin
Namensträger	Namensträgerin
Namensvetter	Namensvetterin
Namibier	Namibierin
Nascher	Nascherin
Nassauer	Nassauerin
Nationalcoach	Nationalcoachin
Nationaldemokrat	Nationaldemokratin
Nationalheld	Nationalheldin
Nationalist	Nationalistin
Nationalistenführer	Nationalistenführerin
Nationalkeeper	Nationalkeeperin
Nationalkicker	Nationalkickerin
Nationalmannschaftskapitän	Nationalmannschaftskapitänin
Nationalökonom	Nationalökonomin
Nationalpreisträger	Nationalpreisträgerin
Nationalratspräsident	Nationalratspräsidentin
Nationalsozialist	Nationalsozialistin
Nationalspieler	Nationalspielerin
Nationalstürmer	Nationalstürmerin
Nationaltorhüter	Nationaltorhüterin
Nationaltorwart	Nationaltorwartin
Nationaltrainer	Nationaltrainerin
Nationalverteidiger	Nationalverteidigerin
Nativist	Nativistin
Naturalist	Naturalistin
Naturforscher	Naturforscherin
Naturfreund	Naturfreundin
Naturheilkundler	Naturheilkundlerin
Naturist	Naturistin
Naturliebhaber	Naturliebhaberin
Naturphilosoph	Naturphilosophin
Naturschwärmer	Naturschwärmerin
Naturwissenschafter	Naturwissenschafterin
Naturwissenschaftler	Naturwissenschaftlerin
Naumburger	Naumburgerin
Nauruer	Nauruerin
Nautiker	Nautikerin
Navigationsoffizier	Navigationsoffizierin
Navigator	Navigatorin
Nazist	Nazistin
Naziverbrecher	Naziverbrecherin
Neandertaler	Neandertalerin
Neapeler	Neapelerin
Neapolitaner	Neapolitanerin
Nebenbuhler	Nebenbuhlerin
Nebendarsteller	Nebendarstellerin
Nebenerwerbslandwirt	Nebenerwerbslandwirtin
Nebenkläger	Nebenklägerin
Nebenspieler	Nebenspielerin
Nebentäter	Nebentäterin
Neger	Negerin
Nehmer	Nehmerin
Neider	Neiderin
Neinsager	Neinsagerin
Neofaschist	Neofaschistin
Neokommunist	Neokommunistin
Neomarxist	Neomarxistin
Neonazist	Neonazistin
Nepaler	Nepalerin
Nepper	Nepperin
Nestbeschmutzer	Nestbeschmutzerin
Nestor	Nestorin
Networker	Networkerin
Netzaktivist	Netzaktivistin
Netzpolitiker	Netzpolitikerin
Netzspieler	Netzspielerin
Netzwerker	Netzwerkerin
Neubürger	Neubürgerin
Neueinsteiger	Neueinsteigerin
Neuenburger	Neuenburgerin
Neufundländer	Neufundländerin
Neuguineer	Neuguineerin
Neuhegelianer	Neuhegelianerin
Neukaledonier	Neukaledonierin
Neukantianer	Neukantianerin
Neulenker	Neulenkerin
Neuplatoniker	Neuplatonikerin
Neuraltherapeut	Neuraltherapeutin
Neurodermitiker	Neurodermitikerin
Neuromantiker	Neuromantikerin
Neurotiker	Neurotikerin
Neurowissenschaftler	Neurowissenschaftlerin
Neuruppiner	Neuruppinerin
Neuseeländer	Neuseeländerin
Neusiedler	Neusiedlerin
Neusprachler	Neusprachlerin
Neusser	Neusserin
Neutestamentler	Neutestamentlerin
Neutöner	Neutönerin
Neutralist	Neutralistin
Neuzuzüger	Neuzuzügerin
Newcomer	Newcomerin
Nicaraguaner	Nicaraguanerin
Nichtchrist	Nichtchristin
Nichtkatholik	Nichtkatholikin
Nichtmuttersprachler	Nichtmuttersprachlerin
Nichtraucher	Nichtraucherin
Nichtschwimmer	Nichtschwimmerin
Nichtskönner	Nichtskönnerin
Nichtsnutz	Nichtsnutzin
Nichtstuer	Nichtstuerin
Nichtswisser	Nichtswisserin
Nichttänzer	Nichttänzerin
Nichtwähler	Nichtwählerin
Nidwaldner	Nidwaldnerin
Niederländer	Niederländerin
Niederlassungsleiter	Niederlassungsleiterin
Niederösterreicher	Niederösterreicherin
Niedriglöhner	Niedriglöhnerin
Niedrigverdiener	Niedrigverdienerin
Nieter	Nieterin
Nigerianer	Nigerianerin
Nigrer	Nigrerin
Nihilist	Nihilistin
Nizzaer	Nizzaerin
Nobelpreisträger	Nobelpreisträgerin
Nöler	Nölerin
Nominalist	Nominalistin
Nonkonformist	Nonkonformistin
Nordafrikaner	Nordafrikanerin
Nordamerikaner	Nordamerikanerin
Nordeuropäer	Nordeuropäerin
Nordkoreaner	Nordkoreanerin
Nordländer	Nordländerin
Nordpolfahrer	Nordpolfahrerin
Nörgler	Nörglerin
Normalbürger	Normalbürgerin
Normalverbraucher	Normalverbraucherin
Normalverdiener	Normalverdienerin
Norweger	Norwegerin
Nostalgiker	Nostalgikerin
Notar	Notarin
Notenbankchef	Notenbankchefin
Notenbanker	Notenbankerin
Notenstecher	Notenstecherin
Notfallmediziner	Notfallmedizinerin
Notfallpatient	Notfallpatientin
Notfallsanitäter	Notfallsanitäterin
Notfallseelsorger	Notfallseelsorgerin
Nothelfer	Nothelferin
Novellendichter	Novellendichterin
Novellenschreiber	Novellenschreiberin
Novellist	Novellistin
Novizenmeister	Novizenmeisterin
NS-Verbrecher	NS-Verbrecherin
Nubier	Nubierin
Nudist	Nudistin
Nuklearmediziner	Nuklearmedizinerin
Numider	Numiderin
Numismatiker	Numismatikerin
Nürnberger	Nürnbergerin
Nutzer	Nutzerin
Nutznießer	Nutznießerin
OB-Kandidat	OB-Kandidatin
Obduzent	Obduzentin
Oberaufseher	Oberaufseherin
Oberbefehlshaber	Oberbefehlshaberin
Oberbürgermeister	Oberbürgermeisterin
Oberförster	Oberförsterin
Oberhofmeister	Oberhofmeisterin
Oberingenieur	Oberingenieurin
Oberinspektor	Oberinspektorin
Oberkellner	Oberkellnerin
Oberkreisdirektor	Oberkreisdirektorin
Oberländer	Oberländerin
Oberlehrer	Oberlehrerin
Oberleutnant	Oberleutnantin
Oberligist	Oberligistin
Obermaat	Obermaatin
Oberoffizial	Oberoffizialin
Oberösterreicher	Oberösterreicherin
Oberpriester	Oberpriesterin
Oberprimaner	Oberprimanerin
Oberrichter	Oberrichterin
Oberschiedsrichter	Oberschiedsrichterin
Oberschüler	Oberschülerin
Obersekundaner	Obersekundanerin
Oberspielleiter	Oberspielleiterin
Oberstadtdirektor	Oberstadtdirektorin
Obersteiger	Obersteigerin
Oberstleutnant	Oberstleutnantin
Oberstudiendirektor	Oberstudiendirektorin
Obertertianer	Obertertianerin
Objektemacher	Objektemacherin
Objektivist	Objektivistin
Objektkünstler	Objektkünstlerin
Objektleiter	Objektleiterin
Obligationär	Obligationärin
Oboist	Oboistin
Obrist	Obristin
Observator	Observatorin
Observierer	Observiererin
Obsthändler	Obsthändlerin
Obstpflücker	Obstpflückerin
Obstverkäufer	Obstverkäuferin
Obstzüchter	Obstzüchterin
Obwaldner	Obwaldnerin
Odenwälder	Odenwälderin
Ofenbauer	Ofenbauerin
Ofenhocker	Ofenhockerin
Ofensetzer	Ofensetzerin
Offenbacher	Offenbacherin
Offensivspieler	Offensivspielerin
Offensivverteidiger	Offensivverteidigerin
Öffentlichkeitsarbeiter	Öffentlichkeitsarbeiterin
Öffentlichkeitsreferent	Öffentlichkeitsreferentin
Offizial	Offizialin
Offizialverteidiger	Offizialverteidigerin
Offizier	Offizierin
Offiziersanwärter	Offiziersanwärterin
Offsprecher	Offsprecherin
Ohrenbläser	Ohrenbläserin
Okkultist	Okkultistin
Okkulttäter	Okkulttäterin
Okkupant	Okkupantin
Ökonom	Ökonomin
Ökonometriker	Ökonometrikerin
Okzitanier	Okzitanierin
Ölbaron	Ölbaronin
Oldenburger	Oldenburgerin
Oldesloer	Oldesloerin
Oligarch	Oligarchin
Oligopolist	Oligopolistin
Ölproduzent	Ölproduzentin
Olympiakämpfer	Olympiakämpferin
Olympiasieger	Olympiasiegerin
Olympiateilnehmer	Olympiateilnehmerin
Omaner	Omanerin
Onlinebetrüger	Onlinebetrügerin
Onlinebroker	Onlinebrokerin
Onlinehändler	Onlinehändlerin
Onlineredakteur	Onlineredakteurin
Operateur	Operateurin
Operettenkomponist	Operettenkomponistin
Operettensänger	Operettensängerin
Operndirektor	Operndirektorin
Opernfreund	Opernfreundin
Opernkomponist	Opernkomponistin
Opernregisseur	Opernregisseurin
Opernsänger	Opernsängerin
Opiumraucher	Opiumraucherin
Opponent	Opponentin
Opportunist	Opportunistin
Oppositionschef	Oppositionschefin
Oppositionsführer	Oppositionsführerin
Oppositionskandidat	Oppositionskandidatin
Oppositionspolitiker	Oppositionspolitikerin
Optant	Optantin
Optiker	Optikerin
Optimist	Optimistin
Orchesterleiter	Orchesterleiterin
Orchestermusiker	Orchestermusikerin
Ordensgründer	Ordensgründerin
Ordner	Ordnerin
Ordnungshüter	Ordnungshüterin
Organempfänger	Organempfängerin
Organiker	Organikerin
Organisationschef	Organisationschefin
Organisator	Organisatorin
Organist	Organistin
Organspender	Organspenderin
Orgelbauer	Orgelbauerin
Orgelspieler	Orgelspielerin
Orientalist	Orientalistin
Orleaner	Orleanerin
Orleanist	Orleanistin
Orter	Orterin
Orthopädiemechaniker	Orthopädiemechanikerin
Orthopädieschuhmacher	Orthopädieschuhmacherin
Orthopädist	Orthopädistin
Ortschef	Ortschefin
Ortskaiser	Ortskaiserin
Ortspräsident	Ortspräsidentin
Ortsvorsteher	Ortsvorsteherin
Oscarpreisträger	Oscarpreisträgerin
Osloer	Osloerin
Ostagent	Ostagentin
Ostasiat	Ostasiatin
Ostberliner	Ostberlinerin
Ostelbier	Ostelbierin
Ostermarschierer	Ostermarschiererin
Österreicher	Österreicherin
Osteuropäer	Osteuropäerin
Ostler	Ostlerin
Ostösterreicher	Ostösterreicherin
Ostschweizer	Ostschweizerin
Ötztaler	Ötztalerin
Outsider	Outsiderin
Outwachler	Outwachlerin
Ozeanograf	Ozeanografin
Paarläufer	Paarläuferin
Paartherapeut	Paartherapeutin
Pächter	Pächterin
Packer	Packerin
Packmeister	Packmeisterin
Paddler	Paddlerin
Pädiater	Pädiaterin
Paduaner	Paduanerin
Paketzusteller	Paketzustellerin
Pakistaner	Pakistanerin
Paktierer	Paktiererin
Paläobotaniker	Paläobotanikerin
Paläograf	Paläografin
Palästinenser	Palästinenserin
Palauer	Palauerin
Palermer	Palermerin
Pamphletist	Pamphletistin
Panamaer	Panamaerin
Panegyriker	Panegyrikerin
Pannenhelfer	Pannenhelferin
Panscher	Panscherin
Panslawist	Panslawistin
Pantheist	Pantheistin
Papiergewichtler	Papiergewichtlerin
Papierhersteller	Papierherstellerin
Papist	Papistin
Paragleiter	Paragleiterin
Paragrafenreiter	Paragrafenreiterin
Paraguayer	Paraguayerin
Paramediziner	Paramedizinerin
Paranoiker	Paranoikerin
Paraplegiker	Paraplegikerin
Paratriathlet	Paratriathletin
Parfümeur	Parfümeurin
Pariser	Pariserin
Parker	Parkerin
Parkettleger	Parkettlegerin
Parkläufer	Parkläuferin
Parkstudent	Parkstudentin
Parksünder	Parksünderin
Parkwächter	Parkwächterin
Parlamentär	Parlamentärin
Parlamentarier	Parlamentarierin
Parlamentspräsident	Parlamentspräsidentin
Parodist	Parodistin
Parteianhänger	Parteianhängerin
Parteichef	Parteichefin
Parteifeind	Parteifeindin
Parteifreund	Parteifreundin
Parteiführer	Parteiführerin
Parteifunktionär	Parteifunktionärin
Parteigänger	Parteigängerin
Parteipräsident	Parteipräsidentin
Parteisekretär	Parteisekretärin
Parther	Partherin
Partieführer	Partieführerin
Partikularist	Partikularistin
Partikulier	Partikulierin
Partikulierer	Partikuliererin
Partisan	Partisanin
Partner	Partnerin
Passagier	Passagierin
Passant	Passantin
Passauer	Passauerin
Pastellmaler	Pastellmalerin
Pastor	Pastorin
Pastoralreferent	Pastoralreferentin
Patagonier	Patagonierin
Patentingenieur	Patentingenieurin
Patentinhaber	Patentinhaberin
Patriarch	Patriarchin
Patriot	Patriotin
Patrizier	Patrizierin
Patron	Patronin
Patronatsherr	Patronatsherrin
Patrouillenführer	Patrouillenführerin
Paukenschläger	Paukenschlägerin
Pauker	Paukerin
Pauschaltourist	Pauschaltouristin
Pausenclown	Pausenclownin
Pazifist	Pazifistin
Pedaleur	Pedaleurin
Pedalritter	Pedalritterin
Pedant	Pedantin
Peiler	Peilerin
Peiniger	Peinigerin
Pekinger	Pekingerin
Pelztierjäger	Pelztierjägerin
Pendler	Pendlerin
Pennäler	Pennälerin
Penner	Pennerin
Pensionär	Pensionärin
Pensionist	Pensionistin
Perfektionist	Perfektionistin
Performer	Performerin
Perkussionist	Perkussionistin
Perlenfischer	Perlenfischerin
Perlentaucher	Perlentaucherin
Perlenzüchter	Perlenzüchterin
Peronist	Peronistin
Personalbearbeiter	Personalbearbeiterin
Personalberater	Personalberaterin
Personalchef	Personalchefin
Personaldirektor	Personaldirektorin
Personaler	Personalerin
Personalist	Personalistin
Personalleiter	Personalleiterin
Personalreferent	Personalreferentin
Personalverrechner	Personalverrechnerin
Personenschützer	Personenschützerin
Perspektivagent	Perspektivagentin
Peruaner	Peruanerin
Perückenmacher	Perückenmacherin
Pessimist	Pessimistin
Petent	Petentin
Petrijünger	Petrijüngerin
Petzer	Petzerin
Pfader	Pfaderin
Pfadfinder	Pfadfinderin
Pfahlbauer	Pfahlbauerin
Pfahlbürger	Pfahlbürgerin
Pfälzer	Pfälzerin
Pfandgläubiger	Pfandgläubigerin
Pfarradministrator	Pfarradministratorin
Pfarrer	Pfarrerin
Pfarrhelfer	Pfarrhelferin
Pfarrverweser	Pfarrverweserin
Pfarrvikar	Pfarrvikarin
Pfeifenraucher	Pfeifenraucherin
Pfeifer	Pfeiferin
Pfennigfuchser	Pfennigfuchserin
Pferdedieb	Pferdediebin
Pferdehändler	Pferdehändlerin
Pferdemetzger	Pferdemetzgerin
Pferdepfleger	Pferdepflegerin
Pferdeschlachter	Pferdeschlachterin
Pferdeschlächter	Pferdeschlächterin
Pferdewirt	Pferdewirtin
Pfingstler	Pfingstlerin
Pflanzenzüchter	Pflanzenzüchterin
Pflanzer	Pflanzerin
Pflastermaler	Pflastermalerin
Pflastertreter	Pflastertreterin
Pflegedienstleister	Pflegedienstleisterin
Pflegedienstleiter	Pflegedienstleiterin
Pflegehelfer	Pflegehelferin
Pflichtläufer	Pflichtläuferin
Pflichtverteidiger	Pflichtverteidigerin
Pflücker	Pflückerin
Pflüger	Pflügerin
Pfründner	Pfründnerin
Pfuscher	Pfuscherin
Pharisäer	Pharisäerin
Pharmaberater	Pharmaberaterin
Pharmahersteller	Pharmaherstellerin
Pharmakant	Pharmakantin
Pharmareferent	Pharmareferentin
Pharmazeut	Pharmazeutin
Philadelphier	Philadelphierin
Philanthrop	Philanthropin
Philatelist	Philatelistin
Philharmoniker	Philharmonikerin
Philippiner	Philippinerin
Philister	Philisterin
Philosemit	Philosemitin
Philosoph	Philosophin
Phlegmatiker	Phlegmatikerin
Phobiker	Phobikerin
Phonetiker	Phonetikerin
Phoniater	Phoniaterin
Phönizier	Phönizierin
Phrasendrescher	Phrasendrescherin
Phrygier	Phrygierin
Physikingenieur	Physikingenieurin
Physiklaborant	Physiklaborantin
Physiklehrer	Physiklehrerin
Physiognom	Physiognomin
Physiognomiker	Physiognomikerin
Physiokrat	Physiokratin
Phytomediziner	Phytomedizinerin
Pianist	Pianistin
Pichler	Pichlerin
Pietist	Pietistin
Pilger	Pilgerin
Pillendreher	Pillendreherin
Pilsener	Pilsenerin
Pilsner	Pilsnerin
Pilzsammler	Pilzsammlerin
Pimpf	Pimpfin
Pinkler	Pinklerin
Pinsler	Pinslerin
Pionier	Pionierin
Pionierleiter	Pionierleiterin
Pirat	Piratin
Pisaner	Pisanerin
Pistenfahrer	Pistenfahrerin
Pistolenheld	Pistolenheldin
Pizzabäcker	Pizzabäckerin
Pkw-Fahrer	Pkw-Fahrerin
PKW-Fahrer	PKW-Fahrerin
Plagiator	Plagiatorin
Plakatkleber	Plakatkleberin
Plakatmaler	Plakatmalerin
Plakatträger	Plakatträgerin
Planer	Planerin
Pläneschmied	Pläneschmiedin
Plantagenarbeiter	Plantagenarbeiterin
Plantagenbesitzer	Plantagenbesitzerin
Planzeichner	Planzeichnerin
Plärrer	Plärrerin
Plastiker	Plastikerin
Platoniker	Platonikerin
Plattenleger	Plattenlegerin
Plätter	Plätterin
Plattfußindianer	Plattfußindianerin
Plattmacher	Plattmacherin
Platzanweiser	Platzanweiserin
Platzhalter	Platzhalterin
Platzmeister	Platzmeisterin
Platzordner	Platzordnerin
Plauener	Plauenerin
Plebejer	Plebejerin
Pluralist	Pluralistin
Plutokrat	Plutokratin
Podcaster	Podcasterin
Poet	Poetin
Poetaster	Poetasterin
Pointillist	Pointillistin
Polarforscher	Polarforscherin
Polemiker	Polemikerin
Polier	Polierin
Polierer	Poliererin
Politikaster	Politikasterin
Politikberater	Politikberaterin
Politikwissenschafter	Politikwissenschafterin
Politikwissenschaftler	Politikwissenschaftlerin
Politsekretär	Politsekretärin
Polizeichef	Polizeichefin
Polizeihauptwachtmeister	Polizeihauptwachtmeisterin
Polizeihundeführer	Polizeihundeführerin
Polizeimeister	Polizeimeisterin
Polizeioffizier	Polizeioffizierin
Polizeipräsident	Polizeipräsidentin
Polizeisprecher	Polizeisprecherin
Polygamist	Polygamistin
Polynesier	Polynesierin
Polytechniker	Polytechnikerin
Polytheist	Polytheistin
Pommer	Pommerin
Pop-Art-Künstler	Pop-Art-Künstlerin
Popmusiker	Popmusikerin
Popsänger	Popsängerin
Popularisator	Popularisatorin
Populist	Populistin
Pornodarsteller	Pornodarstellerin
Pornograf	Pornografin
Pornohändler	Pornohändlerin
Portier	Portierin
Porträtfotograf	Porträtfotografin
Porträtist	Porträtistin
Porträtmaler	Porträtmalerin
Posamentierer	Posamentiererin
Posaunenbläser	Posaunenbläserin
Posaunist	Posaunistin
Poser	Poserin
Poseur	Poseurin
Positivist	Positivistin
Possendichter	Possendichterin
Possenreißer	Possenreißerin
Postabholer	Postabholerin
Postdirektor	Postdirektorin
Postenjäger	Postenjägerin
Postenkommandant	Postenkommandantin
Posthalter	Posthalterin
Postinspektor	Postinspektorin
Postler	Postlerin
Pöstler	Pöstlerin
Postmeister	Postmeisterin
Postminister	Postministerin
Postschaffner	Postschaffnerin
Postsparer	Postsparerin
Postzusteller	Postzustellerin
Potentat	Potentatin
Potsdamer	Potsdamerin
Pottbäcker	Pottbäckerin
Powerseller	Powersellerin
Poweruser	Poweruserin
PR-Manager	PR-Managerin
Prädikant	Prädikantin
Präfekt	Präfektin
Prager	Pragerin
Präger	Prägerin
Pragmatiker	Pragmatikerin
Pragmatist	Pragmatistin
Prähistoriker	Prähistorikerin
Prahler	Prahlerin
Praktikant	Praktikantin
Praktiker	Praktikerin
Prälat	Prälatin
Prämiensparer	Prämiensparerin
Prärieindianer	Prärieindianerin
Präsentant	Präsentantin
Präsentator	Präsentatorin
Präsidentschaftskandidat	Präsidentschaftskandidatin
Prasser	Prasserin
Prätendent	Prätendentin
Praxispartner	Praxispartnerin
Prediger	Predigerin
Preisboxer	Preisboxerin
Preisbrecher	Preisbrecherin
Preisrichter	Preisrichterin
Preisträger	Preisträgerin
Preistreiber	Preistreiberin
Preisüberwacher	Preisüberwacherin
Preller	Prellerin
Premier	Premierin
Premierenbesucher	Premierenbesucherin
Premierentiger	Premierentigerin
Premierminister	Premierministerin
Presbyter	Presbyterin
Presbyterianer	Presbyterianerin
Presseberichterstatter	Presseberichterstatterin
Pressechef	Pressechefin
Pressekorrespondent	Pressekorrespondentin
Presser	Presserin
Pressereferent	Pressereferentin
Pressesprecher	Pressesprecherin
Pressevertreter	Pressevertreterin
Pressewart	Pressewartin
Priesterkönig	Priesterkönigin
Primaner	Primanerin
Primarlehrer	Primarlehrerin
Primarschüler	Primarschülerin
Primat	Primatin
Primgeiger	Primgeigerin
Prinzipal	Prinzipalin
Prinzipienreiter	Prinzipienreiterin
Privatanleger	Privatanlegerin
Privatanwender	Privatanwenderin
Privatdozent	Privatdozentin
Privatinvestor	Privatinvestorin
Privatist	Privatistin
Privatkläger	Privatklägerin
Privatlehrer	Privatlehrerin
Privatpatient	Privatpatientin
Privatsammler	Privatsammlerin
Privatsekretär	Privatsekretärin
Privatvermieter	Privatvermieterin
Proband	Probandin
Probelehrer	Probelehrerin
Probierer	Probiererin
Problemlöser	Problemlöserin
Prodekan	Prodekanin
Producer	Producerin
Produktionsarbeiter	Produktionsarbeiterin
Produktionsleiter	Produktionsleiterin
Produktmanager	Produktmanagerin
Produktpirat	Produktpiratin
Produzent	Produzentin
Professionist	Professionistin
Profiboxer	Profiboxerin
Profifußballer	Profifußballerin
Profikiller	Profikillerin
Profiler	Profilerin
Profilneurotiker	Profilneurotikerin
Profispieler	Profispielerin
Profisportler	Profisportlerin
Profiteur	Profiteurin
Profitjäger	Profitjägerin
Profitmacher	Profitmacherin
Prognostiker	Prognostikerin
Programmanbieter	Programmanbieterin
Programmatiker	Programmatikerin
Programmchef	Programmchefin
Programmdirektor	Programmdirektorin
Progressist	Progressistin
Prohibitionist	Prohibitionistin
Projektant	Projektantin
Projektemacher	Projektemacherin
Projektentwickler	Projektentwicklerin
Projekteur	Projekteurin
Projektingenieur	Projektingenieurin
Projektleiter	Projektleiterin
Projektmanager	Projektmanagerin
Projektpartner	Projektpartnerin
Prokurist	Prokuristin
Prolet	Proletin
Proletarier	Proletarierin
Promoter	Promoterin
Promotor	Promotorin
Promovend	Promovendin
Propagandachef	Propagandachefin
Propagandist	Propagandistin
Prophet	Prophetin
Proponent	Proponentin
Proprietär	Proprietärin
Prorektor	Prorektorin
Prosaiker	Prosaikerin
Prosaist	Prosaistin
Prosaschriftsteller	Prosaschriftstellerin
Prosektor	Prosektorin
Proselyt	Proselytin
Proselytenmacher	Proselytenmacherin
Protagonist	Protagonistin
Protektionist	Protektionistin
Protektor	Protektorin
Protestant	Protestantin
Protestierer	Protestiererin
Protestler	Protestlerin
Protestsänger	Protestsängerin
Protestwähler	Protestwählerin
Prothesenträger	Prothesenträgerin
Protokollant	Protokollantin
Protokollchef	Protokollchefin
Protokollführer	Protokollführerin
Provinzbewohner	Provinzbewohnerin
Provinzfürst	Provinzfürstin
Provinzler	Provinzlerin
Provokateur	Provokateurin
Prozessbeobachter	Prozessbeobachterin
Prozessgegner	Prozessgegnerin
Prozessualist	Prozessualistin
Prüfer	Prüferin
Prüfingenieur	Prüfingenieurin
Prüfungskandidat	Prüfungskandidatin
Prüfungskommissar	Prüfungskommissarin
Psalmendichter	Psalmendichterin
Psalmensänger	Psalmensängerin
Psalmist	Psalmistin
Psychoanalytiker	Psychoanalytikerin
Psychopath	Psychopathin
Psychophysiker	Psychophysikerin
Psychosomatiker	Psychosomatikerin
Psychotiker	Psychotikerin
Ptolemäer	Ptolemäerin
Publizist	Publizistin
Puddingvegetarier	Puddingvegetarierin
Puncher	Puncherin
Punier	Punierin
Punker	Punkerin
Punkrocker	Punkrockerin
Punktelieferant	Punktelieferantin
Punktrichter	Punktrichterin
Punktsieger	Punktsiegerin
Puppendoktor	Puppendoktorin
Puppenspieler	Puppenspielerin
Purist	Puristin
Puritaner	Puritanerin
Pusher	Pusherin
Putschist	Putschistin
Putzer	Putzerin
Putzmacher	Putzmacherin
Puzzler	Puzzlerin
Pyrotechniker	Pyrotechnikerin
Quacksalber	Quacksalberin
Quäker	Quäkerin
Quäler	Quälerin
Qualifikant	Qualifikantin
Quantenphysiker	Quantenphysikerin
Quartalssäufer	Quartalssäuferin
Quartiermacher	Quartiermacherin
Quartiermeister	Quartiermeisterin
Quartiersmanager	Quartiersmanagerin
Quästor	Quästorin
Quatschmacher	Quatschmacherin
Quengler	Quenglerin
Querdenker	Querdenkerin
Quereinsteiger	Quereinsteigerin
Querschläger	Querschlägerin
Quertreiber	Quertreiberin
Querulant	Querulantin
Quietist	Quietistin
Quizmaster	Quizmasterin
Rabbiner	Rabbinerin
Rabulist	Rabulistin
Rächer	Rächerin
Radartechniker	Radartechnikerin
Radaumacher	Radaumacherin
Radballer	Radballerin
Rädelsführer	Rädelsführerin
Radiästhet	Radiästhetin
Radikalist	Radikalistin
Radioamateur	Radioamateurin
Radiohörer	Radiohörerin
Radiomoderator	Radiomoderatorin
Radler	Radlerin
Radmacher	Radmacherin
Radrennfahrer	Radrennfahrerin
Radschläger	Radschlägerin
Radsportler	Radsportlerin
Raketenforscher	Raketenforscherin
Rallyefahrer	Rallyefahrerin
Ramscher	Ramscherin
Randalierer	Randaliererin
Rangierer	Rangiererin
Rangiermeister	Rangiermeisterin
Ränkeschmied	Ränkeschmiedin
Rappenspalter	Rappenspalterin
Rapper	Rapperin
Raritätensammler	Raritätensammlerin
Rasenballer	Rasenballerin
Rasenspieler	Rasenspielerin
Raser	Raserin
Räsoneur	Räsoneurin
Rassenfanatiker	Rassenfanatikerin
Rassist	Rassistin
Rassler	Rasslerin
Rastatter	Rastatterin
Rater	Raterin
Räter	Räterin
Ratgeber	Ratgeberin
Rathauschef	Rathauschefin
Rationalisator	Rationalisatorin
Rationalist	Rationalistin
Ratsdiener	Ratsdienerin
Rätselfreund	Rätselfreundin
Rätsellöser	Rätsellöserin
Ratsherr	Ratsherrin
Ratspräsident	Ratspräsidentin
Ratsschreiber	Ratsschreiberin
Rattenfänger	Rattenfängerin
Räuber	Räuberin
Raubkopierer	Raubkopiererin
Raubmörder	Raubmörderin
Raucher	Raucherin
Rauchfangkehrer	Rauchfangkehrerin
Rauchwarenzurichter	Rauchwarenzurichterin
Raufbold	Raufboldin
Raufer	Rauferin
Raumausstatter	Raumausstatterin
Räumer	Räumerin
Raumfahrer	Raumfahrerin
Raumfahrttechniker	Raumfahrttechnikerin
Raumflieger	Raumfliegerin
Raumgestalter	Raumgestalterin
Raumpilot	Raumpilotin
Raunzer	Raunzerin
Rauschgifthändler	Rauschgifthändlerin
Rausschmeißer	Rausschmeißerin
Ravensberger	Ravensbergerin
Raver	Raverin
Rayonchef	Rayonchefin
Rayonsinspektor	Rayonsinspektorin
Reaktionär	Reaktionärin
Realisator	Realisatorin
Realist	Realistin
Realitätenhändler	Realitätenhändlerin
Realitätenvermittler	Realitätenvermittlerin
Realpolitiker	Realpolitikerin
Realschüler	Realschülerin
Realschullehrer	Realschullehrerin
Rebbesitzer	Rebbesitzerin
Rebell	Rebellin
Rebellenführer	Rebellenführerin
Rebounder	Rebounderin
Rechenkünstler	Rechenkünstlerin
Rechenlehrer	Rechenlehrerin
Rechenmeister	Rechenmeisterin
Rechercheur	Rechercheurin
Rechner	Rechnerin
Rechnungsführer	Rechnungsführerin
Rechnungsprüfer	Rechnungsprüferin
Rechnungssteller	Rechnungsstellerin
Rechteinhaber	Rechteinhaberin
Rechthaber	Rechthaberin
Rechtsabbieger	Rechtsabbiegerin
Rechtsabweichler	Rechtsabweichlerin
Rechtsausleger	Rechtsauslegerin
Rechtsberater	Rechtsberaterin
Rechtsbrecher	Rechtsbrecherin
Rechtsextremist	Rechtsextremistin
Rechtshänder	Rechtshänderin
Rechtshistoriker	Rechtshistorikerin
Rechtskonsulent	Rechtskonsulentin
Rechtsmediziner	Rechtsmedizinerin
Rechtsnachfolger	Rechtsnachfolgerin
Rechtspfleger	Rechtspflegerin
Rechtspopulist	Rechtspopulistin
Rechtsterrorist	Rechtsterroristin
Rechtsträger	Rechtsträgerin
Rechtsverbinder	Rechtsverbinderin
Rechtsverdreher	Rechtsverdreherin
Rechtsverletzer	Rechtsverletzerin
Rechtsvertreter	Rechtsvertreterin
Rechtsvorgänger	Rechtsvorgängerin
Rechtswissenschafter	Rechtswissenschafterin
Rechtswissenschaftler	Rechtswissenschaftlerin
Recklinghäuser	Recklinghäuserin
Reckturner	Reckturnerin
Recruiter	Recruiterin
Redakteur	Redakteurin
Redaktionsassistent	Redaktionsassistentin
Redaktionsleiter	Redaktionsleiterin
Redaktor	Redaktorin
Redenschreiber	Redenschreiberin
Redner	Rednerin
Reeder	Reederin
Reepschläger	Reepschlägerin
Referatsleiter	Referatsleiterin
Referendar	Referendarin
Referent	Referentin
Reflektant	Reflektantin
Reformator	Reformatorin
Reformer	Reformerin
Reformist	Reformistin
Regelschüler	Regelschülerin
Regeltechniker	Regeltechnikerin
Regenmacher	Regenmacherin
Regensburger	Regensburgerin
Regent	Regentin
Regieassistent	Regieassistentin
Regierungschef	Regierungschefin
Regierungsdirektor	Regierungsdirektorin
Regierungskommissär	Regierungskommissärin
Regierungspräsident	Regierungspräsidentin
Regierungssprecher	Regierungssprecherin
Regierungsvertreter	Regierungsvertreterin
Regimegegner	Regimegegnerin
Regimekritiker	Regimekritikerin
Regimentskommandeur	Regimentskommandeurin
Regionalist	Regionalistin
Regisseur	Regisseurin
Rehabilitand	Rehabilitandin
Reichsbürger	Reichsbürgerin
Reichskanzler	Reichskanzlerin
Reifenhersteller	Reifenherstellerin
Reimer	Reimerin
Reimschmied	Reimschmiedin
Reiniger	Reinigerin
Reisebegleiter	Reisebegleiterin
Reiseblogger	Reisebloggerin
Reiseführer	Reiseführerin
Reiseschriftsteller	Reiseschriftstellerin
Reiseunternehmer	Reiseunternehmerin
Reiseveranstalter	Reiseveranstalterin
Reisevertreter	Reisevertreterin
Reisezugbegleiter	Reisezugbegleiterin
Reitlehrer	Reitlehrerin
Reklamant	Reklamantin
Reklamechef	Reklamechefin
Rekonvaleszent	Rekonvaleszentin
Rekordhalter	Rekordhalterin
Rekordinhaber	Rekordinhaberin
Rekordler	Rekordlerin
Rekordmeister	Rekordmeisterin
Rekrut	Rekrutin
Rekrutenausbilder	Rekrutenausbilderin
Rekrutierer	Rekrutiererin
Rektor	Rektorin
Relativist	Relativistin
Religionshistoriker	Religionshistorikerin
Religionslehrer	Religionslehrerin
Religionsphilosoph	Religionsphilosophin
Religionsstifter	Religionsstifterin
Religionswissenschafter	Religionswissenschafterin
Religionswissenschaftler	Religionswissenschaftlerin
Remigrant	Remigrantin
Remittent	Remittentin
Rempler	Remplerin
Renaissancedichter	Renaissancedichterin
Renaissancefürst	Renaissancefürstin
Renaissancemaler	Renaissancemalerin
Rendant	Rendantin
Renegat	Renegatin
Rennläufer	Rennläuferin
Rennleiter	Rennleiterin
Rennreiter	Rennreiterin
Rennrodler	Rennrodlerin
Rennstallbesitzer	Rennstallbesitzerin
Rentenberater	Rentenberaterin
Rentenempfänger	Rentenempfängerin
Reorganisator	Reorganisatorin
Reparateur	Reparateurin
Repetent	Repetentin
Repetitor	Repetitorin
Repräsentant	Repräsentantin
Reproduktionsmediziner	Reproduktionsmedizinerin
Republikaner	Republikanerin
Requisiteur	Requisiteurin
Researcher	Researcherin
Reserveoffizier	Reserveoffizierin
Reservespieler	Reservespielerin
Reservist	Reservistin
Resident	Residentin
Ressortchef	Ressortchefin
Ressortleiter	Ressortleiterin
Ressortminister	Ressortministerin
Restaurantbesitzer	Restaurantbesitzerin
Restaurateur	Restaurateurin
Restaurator	Restauratorin
Retter	Retterin
Rettungsassistent	Rettungsassistentin
Rettungssanitäter	Rettungssanitäterin
Retuscheur	Retuscheurin
Revanchist	Revanchistin
Revierförster	Revierförsterin
Reviewer	Reviewerin
Revisionist	Revisionistin
Revisionsrichter	Revisionsrichterin
Revisor	Revisorin
Revolutionär	Revolutionärin
Revolutionsführer	Revolutionsführerin
Revolutionsheld	Revolutionsheldin
Revoluzzer	Revoluzzerin
Revolverdreher	Revolverdreherin
Revolverheld	Revolverheldin
Rezensent	Rezensentin
Rezipient	Rezipientin
Rezitator	Rezitatorin
Rheinland-Pfälzer	Rheinland-Pfälzerin
Rheinländer	Rheinländerin
Rhetor	Rhetorin
Rhetoriker	Rhetorikerin
Rheumatiker	Rheumatikerin
Rhodesier	Rhodesierin
Rhythmiker	Rhythmikerin
Riegenführer	Riegenführerin
Riemer	Riemerin
Rigaer	Rigaerin
Rigorist	Rigoristin
Ringkämpfer	Ringkämpferin
Ringrichter	Ringrichterin
Risikomanager	Risikomanagerin
Risikopatient	Risikopatientin
Ritter	Ritterin
Rittergutsbesitzer	Rittergutsbesitzerin
Ritzer	Ritzerin
Robbenfänger	Robbenfängerin
Robbenjäger	Robbenjägerin
Rocker	Rockerin
Rockmusiker	Rockmusikerin
Rocksänger	Rocksängerin
Rodler	Rodlerin
Rohköstler	Rohköstlerin
Rohproduktenhändler	Rohproduktenhändlerin
Rohrleger	Rohrlegerin
Rohstoffhändler	Rohstoffhändlerin
Rollerskater	Rollerskaterin
Rollifahrer	Rollifahrerin
Rollkunstläufer	Rollkunstläuferin
Rollschuhläufer	Rollschuhläuferin
Rollstuhlfahrer	Rollstuhlfahrerin
Romanheld	Romanheldin
Romanist	Romanistin
Romanleser	Romanleserin
Romanschreiber	Romanschreiberin
Romanschriftsteller	Romanschriftstellerin
Romantiker	Romantikerin
Römer	Römerin
Romfahrer	Romfahrerin
Röntgenassistent	Röntgenassistentin
Rosenzüchter	Rosenzüchterin
Rosshändler	Rosshändlerin
Rosstäuscher	Rosstäuscherin
Rostocker	Rostockerin
Rotarier	Rotarierin
Rotarmist	Rotarmistin
Rotgardist	Rotgardistin
Rotgerber	Rotgerberin
Rotsünder	Rotsünderin
Rotterdamer	Rotterdamerin
Routinier	Routinierin
Royalist	Royalistin
Ruander	Ruanderin
Rückfalltäter	Rückfalltäterin
Rückkehrer	Rückkehrerin
Rucksackbomber	Rucksackbomberin
Rucksacktourist	Rucksacktouristin
Rucksackurlauber	Rucksackurlauberin
Rückschrittler	Rückschrittlerin
Rücksiedler	Rücksiedlerin
Rüdesheimer	Rüdesheimerin
Rufer	Ruferin
Rüffler	Rüfflerin
Rügener	Rügenerin
Rüger	Rügerin
Ruheständler	Ruheständlerin
Ruhestifter	Ruhestifterin
Ruhestörer	Ruhestörerin
Rülpser	Rülpserin
Rumpelfüßler	Rumpelfüßlerin
Rundfunkautor	Rundfunkautorin
Rundfunkhörer	Rundfunkhörerin
Rundfunkjournalist	Rundfunkjournalistin
Rundfunkkommentator	Rundfunkkommentatorin
Rundfunkmechaniker	Rundfunkmechanikerin
Rundfunkreporter	Rundfunkreporterin
Rundfunksprecher	Rundfunksprecherin
Rundfunktechniker	Rundfunktechnikerin
Rundfunkteilnehmer	Rundfunkteilnehmerin
Rüpelradler	Rüpelradlerin
Russischlehrer	Russischlehrerin
Rüstungsgegner	Rüstungsgegnerin
Rutengänger	Rutengängerin
Saalbieter	Saalbieterin
Saaldiener	Saaldienerin
Saalordner	Saalordnerin
Saarbrücker	Saarbrückerin
Saarländer	Saarländerin
Saarlouiser	Saarlouiserin
Sabbatarier	Sabbatarierin
Säbelfechter	Säbelfechterin
Säbelrassler	Säbelrasslerin
Sabiner	Sabinerin
Saboteur	Saboteurin
Sachbearbeiter	Sachbearbeiterin
Sachbuchautor	Sachbuchautorin
Sachkenner	Sachkennerin
Sachsen-Anhalter	Sachsen-Anhalterin
Sachsen-Anhaltiner	Sachsen-Anhaltinerin
Sachwalter	Sachwalterin
Säckelmeister	Säckelmeisterin
Säckelwart	Säckelwartin
Säckinger	Säckingerin
Säckler	Säcklerin
Sadist	Sadistin
Sadomasochist	Sadomasochistin
Säer	Säerin
Sägemüller	Sägemüllerin
Sagenforscher	Sagenforscherin
Säger	Sägerin
Sägewerker	Sägewerkerin
Sägewerksbesitzer	Sägewerksbesitzerin
Saisonarbeiter	Saisonarbeiterin
Saisonkellner	Saisonkellnerin
Salbader	Salbaderin
Salesianer	Salesianerin
Salesmanager	Salesmanagerin
Salomoner	Salomonerin
Salonbolschewist	Salonbolschewistin
Salonkommunist	Salonkommunistin
Salonrevolutionär	Salonrevolutionärin
Salvadorianer	Salvadorianerin
Salzburger	Salzburgerin
Salzsieder	Salzsiederin
Samaritaner	Samaritanerin
Samariter	Samariterin
Sambier	Sambierin
Samenhändler	Samenhändlerin
Sämischgerber	Sämischgerberin
Samländer	Samländerin
Sammelbesteller	Sammelbestellerin
Sammler	Sammlerin
Samoaner	Samoanerin
Samtweber	Samtweberin
Sandinist	Sandinistin
Sandler	Sandlerin
Sänftenträger	Sänftenträgerin
Sanguiniker	Sanguinikerin
Sanierer	Saniererin
Sanitärinstallateur	Sanitärinstallateurin
Sanitärtechniker	Sanitärtechnikerin
Sanitäter	Sanitäterin
Sanitätsoffizier	Sanitätsoffizierin
Sanitätssoldat	Sanitätssoldatin
Sanitätsunteroffizier	Sanitätsunteroffizierin
Sanskritforscher	Sanskritforscherin
Sardinier	Sardinierin
Sargschreiner	Sargschreinerin
Sargtischler	Sargtischlerin
Sargträger	Sargträgerin
Satanist	Satanistin
Satirendichter	Satirendichterin
Satiriker	Satirikerin
Satrap	Satrapin
Sattler	Sattlerin
Sattlermeister	Sattlermeisterin
Saudi-Araber	Saudi-Araberin
Sauerländer	Sauerländerin
Saufbold	Saufboldin
Säufer	Säuferin
Saufkumpan	Saufkumpanin
Säumer	Säumerin
Saxofonist	Saxofonistin
Schachfreund	Schachfreundin
Schachgroßmeister	Schachgroßmeisterin
Schachmeister	Schachmeisterin
Schachspieler	Schachspielerin
Schachtelmacher	Schachtelmacherin
Schächter	Schächterin
Schachtmeister	Schachtmeisterin
Schachweltmeister	Schachweltmeisterin
Schädiger	Schädigerin
Schädlingsbekämpfer	Schädlingsbekämpferin
Schäfer	Schäferin
Schaffer	Schafferin
Schaffhauser	Schaffhauserin
Schäffler	Schäfflerin
Schaffner	Schaffnerin
Schäker	Schäkerin
Schallplattenproduzent	Schallplattenproduzentin
Schalmeibläser	Schalmeibläserin
Schänder	Schänderin
Schanghaier	Schanghaierin
Schankkellner	Schankkellnerin
Schankwirt	Schankwirtin
Scharfmacher	Scharfmacherin
Scharführer	Scharführerin
Scharlatan	Scharlatanin
Scharrer	Scharrerin
Scharwerker	Scharwerkerin
Schattenkaiser	Schattenkaiserin
Schattenkönig	Schattenkönigin
Schätzer	Schätzerin
Schatzgräber	Schatzgräberin
Schatzkanzler	Schatzkanzlerin
Schatzmeister	Schatzmeisterin
Schatzsucher	Schatzsucherin
Schaubudenbesitzer	Schaubudenbesitzerin
Schauer	Schauerin
Schaufensterdekorateur	Schaufensterdekorateurin
Schaufenstergestalter	Schaufenstergestalterin
Schaukler	Schauklerin
Schaumschläger	Schaumschlägerin
Schauspieldichter	Schauspieldichterin
Schauspieldirektor	Schauspieldirektorin
Schauspieler	Schauspielerin
Schauspielschüler	Schauspielschülerin
Schausteller	Schaustellerin
Scheckbetrüger	Scheckbetrügerin
Scheckfälscher	Scheckfälscherin
Scheidungsrichter	Scheidungsrichterin
Scheinasylant	Scheinasylantin
Scheißer	Scheißerin
Schelm	Schelmin
Scherer	Schererin
Scherzbold	Scherzboldin
Schichtarbeiter	Schichtarbeiterin
Schieber	Schieberin
Schiedsrichter	Schiedsrichterin
Schiedsrichterassistent	Schiedsrichterassistentin
Schieler	Schielerin
Schießbudenbesitzer	Schießbudenbesitzerin
Schießer	Schießerin
Schießmeister	Schießmeisterin
Schiffbauer	Schiffbauerin
Schiffbauingenieur	Schiffbauingenieurin
Schiffer	Schifferin
Schiffsagent	Schiffsagentin
Schiffsausrüster	Schiffsausrüsterin
Schiffseigentümer	Schiffseigentümerin
Schiffseigner	Schiffseignerin
Schiffsführer	Schiffsführerin
Schiffskapitän	Schiffskapitänin
Schiffsmakler	Schiffsmaklerin
Schiffsmechaniker	Schiffsmechanikerin
Schiffsoffizier	Schiffsoffizierin
Schiit	Schiitin
Schikaneur	Schikaneurin
Schildbürger	Schildbürgerin
Schildermaler	Schildermalerin
Schimpfer	Schimpferin
Schinder	Schinderin
Schintoist	Schintoistin
Schipper	Schipperin
Schirmer	Schirmerin
Schirmherr	Schirmherrin
Schirmmacher	Schirmmacherin
Schirrmeister	Schirrmeisterin
Schismatiker	Schismatikerin
Schisser	Schisserin
Schlachtenbummler	Schlachtenbummlerin
Schlachtenmaler	Schlachtenmalerin
Schladminger	Schladmingerin
Schlafforscher	Schlafforscherin
Schlafwagenschaffner	Schlafwagenschaffnerin
Schlafwandler	Schlafwandlerin
Schlaganfallpatient	Schlaganfallpatientin
Schläger	Schlägerin
Schlagersänger	Schlagersängerin
Schlagertexter	Schlagertexterin
Schlamper	Schlamperin
Schlangenbeschwörer	Schlangenbeschwörerin
Schlangenfänger	Schlangenfängerin
Schlauberger	Schlaubergerin
Schlaumeier	Schlaumeierin
Schlawiner	Schlawinerin
Schleicher	Schleicherin
Schleichhändler	Schleichhändlerin
Schleimer	Schleimerin
Schleimscheißer	Schleimscheißerin
Schleizer	Schleizerin
Schlemmer	Schlemmerin
Schleppenträger	Schleppenträgerin
Schlesier	Schlesierin
Schleswig-Holsteiner	Schleswig-Holsteinerin
Schleswiger	Schleswigerin
Schleusenwärter	Schleusenwärterin
Schleuser	Schleuserin
Schlichter	Schlichterin
Schlierseer	Schlierseerin
Schlingensteller	Schlingenstellerin
Schlittler	Schlittlerin
Schlittschuhläufer	Schlittschuhläuferin
Schlosser	Schlosserin
Schlossermeister	Schlossermeisterin
Schlossherr	Schlossherrin
Schlossverwalter	Schlossverwalterin
Schlotfeger	Schlotfegerin
Schlucker	Schluckerin
Schlurfer	Schlurferin
Schlürfer	Schlürferin
Schlussläufer	Schlussläuferin
Schlussmacher	Schlussmacherin
Schlussredakteur	Schlussredakteurin
Schlussspieler	Schlussspielerin
Schmähführer	Schmähführerin
Schmalfilmer	Schmalfilmerin
Schmalkaldener	Schmalkaldenerin
Schmalspurakademiker	Schmalspurakademikerin
Schmarotzer	Schmarotzerin
Schmeichler	Schmeichlerin
Schmelzer	Schmelzerin
Schmelzschweißer	Schmelzschweißerin
Schmerzpatient	Schmerzpatientin
Schmerztherapeut	Schmerztherapeutin
Schmiedemeister	Schmiedemeisterin
Schmierenkomödiant	Schmierenkomödiantin
Schmierenschauspieler	Schmierenschauspielerin
Schmuser	Schmuserin
Schnäppchenjäger	Schnäppchenjägerin
Schnapsbrenner	Schnapsbrennerin
Schnarcher	Schnarcherin
Schneeschipper	Schneeschipperin
Schneidermeister	Schneidermeisterin
Schnelldenker	Schnelldenkerin
Schnellfahrer	Schnellfahrerin
Schnellläufer	Schnellläuferin
Schnellleser	Schnellleserin
Schnellmerker	Schnellmerkerin
Schnellrichter	Schnellrichterin
Schnellschreiber	Schnellschreiberin
Schnippler	Schnipplerin
Schnitter	Schnitterin
Schnittmeister	Schnittmeisterin
Schnitzler	Schnitzlerin
Schnorchler	Schnorchlerin
Schnorrer	Schnorrerin
Schnösel	Schnöselin
Schnüffler	Schnüfflerin
Schnulzensänger	Schnulzensängerin
Schnupfer	Schnupferin
Schnurrer	Schnurrerin
Scholastiker	Scholastikerin
Schönfärber	Schönfärberin
Schönheitschirurg	Schönheitschirurgin
Schönrechner	Schönrechnerin
Schönredner	Schönrednerin
Schöntuer	Schöntuerin
Schöpfer	Schöpferin
Schöppenstedter	Schöppenstedterin
Schornsteinfeger	Schornsteinfegerin
Schottländer	Schottländerin
Schrankenwärter	Schrankenwärterin
Schrapper	Schrapperin
Schrauber	Schrauberin
Schrebergärtner	Schrebergärtnerin
Schreiber	Schreiberin
Schreibtischmörder	Schreibtischmörderin
Schreibtischtäter	Schreibtischtäterin
Schreier	Schreierin
Schriftführer	Schriftführerin
Schriftgießer	Schriftgießerin
Schriftleiter	Schriftleiterin
Schriftschneider	Schriftschneiderin
Schriftsetzer	Schriftsetzerin
Schriftwart	Schriftwartin
Schrittmacher	Schrittmacherin
Schrotthändler	Schrotthändlerin
Schuft	Schuftin
Schuhfetischist	Schuhfetischistin
Schuhmachermeister	Schuhmachermeisterin
Schuhputzer	Schuhputzerin
Schulabbrecher	Schulabbrecherin
Schulabgänger	Schulabgängerin
Schulanfänger	Schulanfängerin
Schulbegleiter	Schulbegleiterin
Schuldenberater	Schuldenberaterin
Schuldirektor	Schuldirektorin
Schuldner	Schuldnerin
Schuldnerberater	Schuldnerberaterin
Schüler	Schülerin
Schülersprecher	Schülersprecherin
Schulfreund	Schulfreundin
Schulfunktionär	Schulfunktionärin
Schulinspektor	Schulinspektorin
Schuljugendberater	Schuljugendberaterin
Schulkamerad	Schulkameradin
Schullehrer	Schullehrerin
Schulmeister	Schulmeisterin
Schulmusiker	Schulmusikerin
Schulpraktiker	Schulpraktikerin
Schulschwänzer	Schulschwänzerin
Schulsprecher	Schulsprecherin
Schultheiß	Schultheißin
Schulungsleiter	Schulungsleiterin
Schulvorsteher	Schulvorsteherin
Schulwart	Schulwartin
Schummler	Schummlerin
Schürfer	Schürferin
Schussler	Schusslerin
Schuster	Schusterin
Schüttler	Schüttlerin
Schützenkönig	Schützenkönigin
Schützer	Schützerin
Schutzgelderpresser	Schutzgelderpresserin
Schutzherr	Schutzherrin
Schutzpatron	Schutzpatronin
Schutzpolizist	Schutzpolizistin
Schwabacher	Schwabacherin
Schwaiger	Schwaigerin
Schwaller	Schwallerin
Schwälmer	Schwälmerin
Schwänzer	Schwänzerin
Schwärmer	Schwärmerin
Schwarzafrikaner	Schwarzafrikanerin
Schwarzarbeiter	Schwarzarbeiterin
Schwarzbrenner	Schwarzbrennerin
Schwärzer	Schwärzerin
Schwarzfahrer	Schwarzfahrerin
Schwarzhändler	Schwarzhändlerin
Schwarzhörer	Schwarzhörerin
Schwarzkünstler	Schwarzkünstlerin
Schwarzmaler	Schwarzmalerin
Schwarzseher	Schwarzseherin
Schwarzwälder	Schwarzwälderin
Schwätzer	Schwätzerin
Schweiger	Schweigerin
Schweinehirt	Schweinehirtin
Schweinfurter	Schweinfurterin
Schweizer	Schweizerin
Schweizerbürger	Schweizerbürgerin
Schwelger	Schwelgerin
Schwerarbeiter	Schwerarbeiterin
Schwerathlet	Schwerathletin
Schwerenöter	Schwerenöterin
Schwergewichtler	Schwergewichtlerin
Schwergewichtsmeister	Schwergewichtsmeisterin
Schweriner	Schwerinerin
Schwerstarbeiter	Schwerstarbeiterin
Schwertkämpfer	Schwertkämpferin
Schwertschlucker	Schwertschluckerin
Schwerverbrecher	Schwerverbrecherin
Schwetzinger	Schwetzingerin
Schwimm-Meister	Schwimm-Meisterin
Schwimmlehrer	Schwimmlehrerin
Schwimmmeister	Schwimmmeisterin
Schwimmschüler	Schwimmschülerin
Schwindler	Schwindlerin
Schwinger	Schwingerin
Schwingerkönig	Schwingerkönigin
Schwyzer	Schwyzerin
Science-Fiction-Autor	Science-Fiction-Autorin
Scorer	Scorerin
Scout	Scoutin
Screendesigner	Screendesignerin
Sechziger	Sechzigerin
Seefahrer	Seefahrerin
Seelenforscher	Seelenforscherin
Seelenhirt	Seelenhirtin
Seelenklempner	Seelenklempnerin
Seelentröster	Seelentrösterin
Seelenverkäufer	Seelenverkäuferin
Seelsorger	Seelsorgerin
Seeoffizier	Seeoffizierin
Seeräuber	Seeräuberin
Segelflieger	Segelfliegerin
Segelmacher	Segelmacherin
Seher	Seherin
Seifensieder	Seifensiederin
Seilakrobat	Seilakrobatin
Seiler	Seilerin
Seilermeister	Seilermeisterin
Seilkünstler	Seilkünstlerin
Seiltänzer	Seiltänzerin
Seismiker	Seismikerin
Seiteneinsteiger	Seiteneinsteigerin
Sekretär	Sekretärin
Sektenanhänger	Sektenanhängerin
Sektfabrikant	Sektfabrikantin
Sektierer	Sektiererin
Sektionschef	Sektionschefin
Sekundaner	Sekundanerin
Sekundant	Sekundantin
Sekundarlehrer	Sekundarlehrerin
Selbstabholer	Selbstabholerin
Selbstanzeiger	Selbstanzeigerin
Selbstbucher	Selbstbucherin
Selbstdarsteller	Selbstdarstellerin
Selbsterzeuger	Selbsterzeugerin
Selbstfahrer	Selbstfahrerin
Selbstmordattentäter	Selbstmordattentäterin
Selbstmörder	Selbstmörderin
Selbstmordkandidat	Selbstmordkandidatin
Selbstoptimierer	Selbstoptimiererin
Selbststeller	Selbststellerin
Selbstverbraucher	Selbstverbraucherin
Selbstverleger	Selbstverlegerin
Selbstvermarkter	Selbstvermarkterin
Selbstverpfleger	Selbstverpflegerin
Selbstversorger	Selbstversorgerin
Selbstzahler	Selbstzahlerin
Selekteur	Selekteurin
Seminarist	Seminaristin
Seminarleiter	Seminarleiterin
Seminarteilnehmer	Seminarteilnehmerin
Semit	Semitin
Semitist	Semitistin
Senator	Senatorin
Senatspräsident	Senatspräsidentin
Senatssprecher	Senatssprecherin
Sendeleiter	Sendeleiterin
Sender	Senderin
Senior	Seniorin
Seniorchef	Seniorchefin
Senkrechtstarter	Senkrechtstarterin
Senn	Sennin
Senner	Sennerin
Sensal	Sensalin
Sensationssieger	Sensationssiegerin
Sensibilist	Sensibilistin
Sensualist	Sensualistin
Separatist	Separatistin
Serienbetrüger	Serienbetrügerin
Serieneinbrecher	Serieneinbrecherin
Serienheld	Serienheldin
Serienkiller	Serienkillerin
Serientäter	Serientäterin
Servicemitarbeiter	Servicemitarbeiterin
Servierer	Serviererin
Sesselfurzer	Sesselfurzerin
Sesselkleber	Sesselkleberin
Setzer	Setzerin
Sevillaner	Sevillanerin
Sexarbeiter	Sexarbeiterin
Sexist	Sexistin
Sextaner	Sextanerin
Sextourist	Sextouristin
Sexualforscher	Sexualforscherin
Sexualmörder	Sexualmörderin
Sexualpartner	Sexualpartnerin
Sexualstraftäter	Sexualstraftäterin
Sexualtäter	Sexualtäterin
Sexualverbrecher	Sexualverbrecherin
Sexualwissenschafter	Sexualwissenschafterin
Sexualwissenschaftler	Sexualwissenschaftlerin
Seycheller	Seychellerin
Sezessionist	Sezessionistin
Shopper	Shopperin
Showmaster	Showmasterin
Sibirier	Sibirierin
Sicherheitsberater	Sicherheitsberaterin
Sicherheitsingenieur	Sicherheitsingenieurin
Sicherheitsinspektor	Sicherheitsinspektorin
Sicherheitsoffizier	Sicherheitsoffizierin
Sicherungsgeber	Sicherungsgeberin
Sicherungsnehmer	Sicherungsnehmerin
Sidonier	Sidonierin
Siebdrucker	Siebdruckerin
Siebenbürger	Siebenbürgerin
Siebmacher	Siebmacherin
Siedler	Siedlerin
Siegelführer	Siegelführerin
Sieger	Siegerin
Siegerländer	Siegerländerin
Sigmaringer	Sigmaringerin
Signatar	Signatarin
Silbermedaillengewinner	Silbermedaillengewinnerin
Silberschmied	Silberschmiedin
Silurer	Silurerin
Simbabwer	Simbabwerin
Simmentaler	Simmentalerin
Simulant	Simulantin
Simultandolmetscher	Simultandolmetscherin
Singapurer	Singapurerin
Singener	Singenerin
Sinnierer	Sinniererin
Sittenlehrer	Sittenlehrerin
Sittenprediger	Sittenpredigerin
Sittenrichter	Sittenrichterin
Sittenwächter	Sittenwächterin
Sittlichkeitsverbrecher	Sittlichkeitsverbrecherin
Situationist	Situationistin
Sitzenbleiber	Sitzenbleiberin
Sitznachbar	Sitznachbarin
Sitzpinkler	Sitzpinklerin
Sizilianer	Sizilianerin
Skandalautor	Skandalautorin
Skandalreporter	Skandalreporterin
Skandinavier	Skandinavierin
Skateboarder	Skateboarderin
Skater	Skaterin
Skatfreund	Skatfreundin
Skatspieler	Skatspielerin
Skeptiker	Skeptikerin
Skilangläufer	Skilangläuferin
Skilehrer	Skilehrerin
Skipper	Skipperin
Skispringer	Skispringerin
Sklavenhalter	Sklavenhalterin
Sklavenhändler	Sklavenhändlerin
Skribent	Skribentin
Skuller	Skullerin
Slalomläufer	Slalomläuferin
Slawist	Slawistin
Slopestyler	Slopestylerin
Slumbewohner	Slumbewohnerin
Snowboarder	Snowboarderin
Snowboardfahrer	Snowboardfahrerin
Sodomit	Sodomitin
Soester	Soesterin
Softwareentwickler	Softwareentwicklerin
Softwarehersteller	Softwareherstellerin
Sokratiker	Sokratikerin
Söldner	Söldnerin
Söldnerführer	Söldnerführerin
Solidarschuldner	Solidarschuldnerin
Solinger	Solingerin
Solipsist	Solipsistin
Solist	Solistin
Solosänger	Solosängerin
Solotänzer	Solotänzerin
Solothurner	Solothurnerin
Somalier	Somalierin
Somatiker	Somatikerin
Sommerfrischler	Sommerfrischlerin
Sonderbeobachter	Sonderbeobachterin
Sonderberichterstatter	Sonderberichterstatterin
Sonderbewacher	Sonderbewacherin
Sonderbotschafter	Sonderbotschafterin
Sonderermittler	Sonderermittlerin
Sonderkorrespondent	Sonderkorrespondentin
Sonderminister	Sonderministerin
Sonderschüler	Sonderschülerin
Sonderschullehrer	Sonderschullehrerin
Sondershäuser	Sondershäuserin
Songschreiber	Songschreiberin
Songwriter	Songwriterin
Sonnenanbeter	Sonnenanbeterin
Sonnenkönig	Sonnenkönigin
Sonntagsausflügler	Sonntagsausflüglerin
Sonntagsfahrer	Sonntagsfahrerin
Sonntagsjäger	Sonntagsjägerin
Sonntagsmaler	Sonntagsmalerin
Sophist	Sophistin
Sopransänger	Sopransängerin
Sortimenter	Sortimenterin
Sortimentsbuchhändler	Sortimentsbuchhändlerin
Soulmusiker	Soulmusikerin
Sowjetbürger	Sowjetbürgerin
Sozialassistent	Sozialassistentin
Sozialbetreuer	Sozialbetreuerin
Sozialdemokrat	Sozialdemokratin
Sozialhilfeempfänger	Sozialhilfeempfängerin
Sozialist	Sozialistin
Sozialminister	Sozialministerin
Sozialpolitiker	Sozialpolitikerin
Sozialreferent	Sozialreferentin
Sozialrentner	Sozialrentnerin
Sozialrevolutionär	Sozialrevolutionärin
Sozialunternehmer	Sozialunternehmerin
Sozialwissenschafter	Sozialwissenschafterin
Sozialwissenschaftler	Sozialwissenschaftlerin
Soziopath	Soziopathin
Soziusfahrer	Soziusfahrerin
Spagatprofessor	Spagatprofessorin
Späher	Späherin
Spalter	Spalterin
Spammer	Spammerin
Spanier	Spanierin
Spanischlehrer	Spanischlehrerin
Sparer	Sparerin
Spargelstecher	Spargelstecherin
Sparringspartner	Sparringspartnerin
Spartakist	Spartakistin
Spartaner	Spartanerin
Spaßmacher	Spaßmacherin
Spaßverderber	Spaßverderberin
Spastiker	Spastikerin
Spätaufsteher	Spätaufsteherin
Spätaussiedler	Spätaussiedlerin
Spätentwickler	Spätentwicklerin
Spätstarter	Spätstarterin
Spätzünder	Spätzünderin
Spaziergänger	Spaziergängerin
Spaziergeher	Spaziergeherin
Speaker	Speakerin
Spechtler	Spechtlerin
Spediteur	Spediteurin
Speerwerfer	Speerwerferin
Spekulant	Spekulantin
Spendensammler	Spendensammlerin
Spender	Spenderin
Spengler	Spenglerin
Spesenritter	Spesenritterin
Spezialist	Spezialistin
Spiegelfechter	Spiegelfechterin
Spiegelschleifer	Spiegelschleiferin
Spieler	Spielerin
Spielertrainer	Spielertrainerin
Spielführer	Spielführerin
Spielgestalter	Spielgestalterin
Spielkamerad	Spielkameradin
Spielleiter	Spielleiterin
Spielmacher	Spielmacherin
Spielmeister	Spielmeisterin
Spielverderber	Spielverderberin
Spielwarenhändler	Spielwarenhändlerin
Spießbürger	Spießbürgerin
Spießer	Spießerin
Spindoktor	Spindoktorin
Spinner	Spinnerin
Spinozist	Spinozistin
Spiritist	Spiritistin
Spiritualist	Spiritualistin
Spitzenfunktionär	Spitzenfunktionärin
Spitzenkandidat	Spitzenkandidatin
Spitzenkönner	Spitzenkönnerin
Spitzenmanager	Spitzenmanagerin
Spitzenpolitiker	Spitzenpolitikerin
Spitzenreiter	Spitzenreiterin
Spitzenspieler	Spitzenspielerin
Spitzensportler	Spitzensportlerin
Spitzenverdiener	Spitzenverdienerin
Spökenkieker	Spökenkiekerin
Sponsor	Sponsorin
Sportangler	Sportanglerin
Sportberichterstatter	Sportberichterstatterin
Sportdirektor	Sportdirektorin
Sportfanatiker	Sportfanatikerin
Sportfischer	Sportfischerin
Sportflieger	Sportfliegerin
Sportfotograf	Sportfotografin
Sportfreund	Sportfreundin
Sportfunktionär	Sportfunktionärin
Sportjournalist	Sportjournalistin
Sportkamerad	Sportkameradin
Sportlehrer	Sportlehrerin
Sportmediziner	Sportmedizinerin
Sportredakteur	Sportredakteurin
Sportreporter	Sportreporterin
Sportsfreund	Sportsfreundin
Sportstudent	Sportstudentin
Sportwart	Sportwartin
Sportwissenschafter	Sportwissenschafterin
Sportwissenschaftler	Sportwissenschaftlerin
Sprachassistent	Sprachassistentin
Sprachbenutzer	Sprachbenutzerin
Sprachforscher	Sprachforscherin
Sprachkenner	Sprachkennerin
Sprachkundler	Sprachkundlerin
Sprachlehrer	Sprachlehrerin
Sprachmittler	Sprachmittlerin
Sprachpfleger	Sprachpflegerin
Sprachschöpfer	Sprachschöpferin
Sprachteilhaber	Sprachteilhaberin
Sprachteilnehmer	Sprachteilnehmerin
Sprachwissenschafter	Sprachwissenschafterin
Sprachwissenschaftler	Sprachwissenschaftlerin
Sprayer	Sprayerin
Sprecher	Sprecherin
Sprechlehrer	Sprechlehrerin
Spreewälder	Spreewälderin
Sprengmeister	Sprengmeisterin
Springreiter	Springreiterin
Sprinter	Sprinterin
Spruchdichter	Spruchdichterin
Sprücheklopfer	Sprücheklopferin
Sprüchemacher	Sprüchemacherin
Spuler	Spulerin
Spüler	Spülerin
Squasher	Squasherin
Staatenlenker	Staatenlenkerin
Staatsamateur	Staatsamateurin
Staatsbürger	Staatsbürgerin
Staatschef	Staatschefin
Staatsdiener	Staatsdienerin
Staatsfeind	Staatsfeindin
Staatsfunktionär	Staatsfunktionärin
Staatskommissar	Staatskommissarin
Staatsmeister	Staatsmeisterin
Staatsminister	Staatsministerin
Staatsphilosoph	Staatsphilosophin
Staatspräsident	Staatspräsidentin
Staatsrechtler	Staatsrechtlerin
Staatsschauspieler	Staatsschauspielerin
Staatsschreiber	Staatsschreiberin
Staatsschützer	Staatsschützerin
Staatssekretär	Staatssekretärin
Staatstheoretiker	Staatstheoretikerin
Staatsverbrecher	Staatsverbrecherin
Stabführer	Stabführerin
Stabhochspringer	Stabhochspringerin
Stabschef	Stabschefin
Stabsfeldwebel	Stabsfeldwebelin
Stabsoffizier	Stabsoffizierin
Stabsunteroffizier	Stabsunteroffizierin
Stabsveterinär	Stabsveterinärin
Stadionansager	Stadionansagerin
Stadionsprecher	Stadionsprecherin
Stadtbewohner	Stadtbewohnerin
Stadtchef	Stadtchefin
Stadtdirektor	Stadtdirektorin
Städtebauer	Städtebauerin
Städteplaner	Städteplanerin
Städter	Städterin
Stadtführer	Stadtführerin
Stadtindianer	Stadtindianerin
Stadtmusikant	Stadtmusikantin
Stadtneurotiker	Stadtneurotikerin
Stadtpfeifer	Stadtpfeiferin
Stadtplaner	Stadtplanerin
Stadtpräsident	Stadtpräsidentin
Stadtschreiber	Stadtschreiberin
Stadtstreicher	Stadtstreicherin
Stadtteilmanager	Stadtteilmanagerin
Stadtteilpolitiker	Stadtteilpolitikerin
Staffelläufer	Staffelläuferin
Staffelsieger	Staffelsiegerin
Staffierer	Staffiererin
Stahlarbeiter	Stahlarbeiterin
Stahlbauschlosser	Stahlbauschlosserin
Stahlkocher	Stahlkocherin
Stahlstecher	Stahlstecherin
Stahlwerker	Stahlwerkerin
Stalinist	Stalinistin
Stalker	Stalkerin
Stallmeister	Stallmeisterin
Stallwächter	Stallwächterin
Stammesführer	Stammesführerin
Stammesfürst	Stammesfürstin
Stammler	Stammlerin
Stammmieter	Stammmieterin
Stammspieler	Stammspielerin
Stammtischpolitiker	Stammtischpolitikerin
Stammwähler	Stammwählerin
Stammzellenspender	Stammzellenspenderin
Stammzellspender	Stammzellspenderin
Standler	Standlerin
Standortpfarrer	Standortpfarrerin
Stangenreiter	Stangenreiterin
Staplerfahrer	Staplerfahrerin
Staragent	Staragentin
Stardirigent	Stardirigentin
Starkstromtechniker	Starkstromtechnikerin
Starreporter	Starreporterin
Starter	Starterin
Startläufer	Startläuferin
Starverteidiger	Starverteidigerin
Staßfurter	Staßfurterin
Statiker	Statikerin
Stationspfleger	Stationspflegerin
Statist	Statistin
Statthalter	Statthalterin
Stauberater	Stauberaterin
Stauer	Stauerin
Staufer	Stauferin
Stegreifdichter	Stegreifdichterin
Stegreifkünstler	Stegreifkünstlerin
Stehgeiger	Stehgeigerin
Stehler	Stehlerin
Steiermärker	Steiermärkerin
Steigbügelhalter	Steigbügelhalterin
Steilwandfahrer	Steilwandfahrerin
Steinbrecher	Steinbrecherin
Steinhauer	Steinhauerin
Steinmetz	Steinmetzin
Steinschneider	Steinschneiderin
Steinsetzer	Steinsetzerin
Stellenbewerber	Stellenbewerberin
Stelleninhaber	Stelleninhaberin
Stellenwechsler	Stellenwechslerin
Steller	Stellerin
Stellmacher	Stellmacherin
Stellwerksmeister	Stellwerksmeisterin
Stelzenläufer	Stelzenläuferin
Stempelschneider	Stempelschneiderin
Stenograf	Stenografin
Stenotypist	Stenotypistin
Steppenbewohner	Steppenbewohnerin
Sterbebegleiter	Sterbebegleiterin
Sterbehelfer	Sterbehelferin
Sterndeuter	Sterndeuterin
Sternforscher	Sternforscherin
Sterngucker	Sternguckerin
Sternsinger	Sternsingerin
Stettiner	Stettinerin
Steuerfahnder	Steuerfahnderin
Steuerprüfer	Steuerprüferin
Steuerschuldner	Steuerschuldnerin
Steuersünder	Steuersünderin
Steuerträger	Steuerträgerin
Steuerzahler	Steuerzahlerin
Steurer	Steurerin
Stichler	Stichlerin
Sticker	Stickerin
Stiefelputzer	Stiefelputzerin
Stierkämpfer	Stierkämpferin
Stifter	Stifterin
Stiftler	Stiftlerin
Stilist	Stilistin
Stimmbürger	Stimmbürgerin
Stimmer	Stimmerin
Stimmungsmacher	Stimmungsmacherin
Stinker	Stinkerin
Stipendiat	Stipendiatin
Stockholmer	Stockholmerin
Stoiker	Stoikerin
Störer	Störerin
Störschneider	Störschneiderin
Strafrechtler	Strafrechtlerin
Strafrichter	Strafrichterin
Straftäter	Straftäterin
Strafverfolger	Strafverfolgerin
Strafverteidiger	Strafverteidigerin
Strahlentherapeut	Strahlentherapeutin
Strahler	Strahlerin
Stralsunder	Stralsunderin
Strandläufer	Strandläuferin
Strandräuber	Strandräuberin
Strandwächter	Strandwächterin
Straßburger	Straßburgerin
Straßenarbeiter	Straßenarbeiterin
Straßenbahner	Straßenbahnerin
Straßenbahnfahrer	Straßenbahnfahrerin
Straßenbahnschaffner	Straßenbahnschaffnerin
Straßenbauer	Straßenbauerin
Straßendealer	Straßendealerin
Straßenfahrer	Straßenfahrerin
Straßenfeger	Straßenfegerin
Straßenhändler	Straßenhändlerin
Straßenkehrer	Straßenkehrerin
Straßenkünstler	Straßenkünstlerin
Straßenmaler	Straßenmalerin
Straßenmeister	Straßenmeisterin
Straßenmusikant	Straßenmusikantin
Straßenpassant	Straßenpassantin
Straßenräuber	Straßenräuberin
Straßensänger	Straßensängerin
Straßenverkäufer	Straßenverkäuferin
Straßenwärter	Straßenwärterin
Strategieberater	Strategieberaterin
Strauchdieb	Strauchdiebin
Streaminganbieter	Streaminganbieterin
Streber	Streberin
Streckenarbeiter	Streckenarbeiterin
Streckensprecher	Streckensprecherin
Streckenwärter	Streckenwärterin
Streetdancer	Streetdancerin
Streetworker	Streetworkerin
Streicher	Streicherin
Streifenführer	Streifenführerin
Streifenpolizist	Streifenpolizistin
Streikbrecher	Streikbrecherin
Streiter	Streiterin
Streitschlichter	Streitschlichterin
Stressforscher	Stressforscherin
Streuner	Streunerin
Stricher	Stricherin
Strippenzieher	Strippenzieherin
Stripteasetänzer	Stripteasetänzerin
Stromableser	Stromableserin
Stromabnehmer	Stromabnehmerin
Stromnetzbetreiber	Stromnetzbetreiberin
Stromverbraucher	Stromverbraucherin
Strotter	Strotterin
Strukturalist	Strukturalistin
Strumpfwirker	Strumpfwirkerin
Stubenhocker	Stubenhockerin
Stubenkamerad	Stubenkameradin
Stückeschreiber	Stückeschreiberin
Studentenpfarrer	Studentenpfarrerin
Studentenvertreter	Studentenvertreterin
Studienabbrecher	Studienabbrecherin
Studienanfänger	Studienanfängerin
Studienassessor	Studienassessorin
Studienaussteiger	Studienaussteigerin
Studienberater	Studienberaterin
Studienbewerber	Studienbewerberin
Studiendirektor	Studiendirektorin
Studienfreund	Studienfreundin
Studienkamerad	Studienkameradin
Studienprofessor	Studienprofessorin
Studienreferendar	Studienreferendarin
Studiomeister	Studiomeisterin
Studiomusiker	Studiomusikerin
Stufenlehrer	Stufenlehrerin
Stufensprecher	Stufensprecherin
Stuhlschiedsrichter	Stuhlschiedsrichterin
Stümper	Stümperin
Stürmer	Stürmerin
Stuttgarter	Stuttgarterin
Stützpunkttrainer	Stützpunkttrainerin
Stylist	Stylistin
Subjektivist	Subjektivistin
Subskribent	Subskribentin
Substitut	Substitutin
Subunternehmer	Subunternehmerin
Sucher	Sucherin
Suchtgiftfahnder	Suchtgiftfahnderin
Südafrikaner	Südafrikanerin
Südamerikaner	Südamerikanerin
Sudaner	Sudanerin
Südeuropäer	Südeuropäerin
Südkoreaner	Südkoreanerin
Südländer	Südländerin
Sudler	Sudlerin
Südseeinsulaner	Südseeinsulanerin
Südstaatler	Südstaatlerin
Südtiroler	Südtirolerin
Süffler	Süfflerin
Suizidbomber	Suizidbomberin
Sumerer	Sumererin
Sünder	Sünderin
Sunnit	Sunnitin
Superheld	Superheldin
Superintendent	Superintendentin
Superior	Superiorin
Superminister	Superministerin
Supervisor	Supervisorin
Surinamer	Surinamerin
Surrealist	Surrealistin
Süßholzraspler	Süßholzrasplerin
Sykophant	Sykophantin
Symbolist	Symbolistin
Sympathieträger	Sympathieträgerin
Sympathisant	Sympathisantin
Synchronsprecher	Synchronsprecherin
Synchronspringer	Synchronspringerin
Syndikalist	Syndikalistin
Synergist	Synergistin
Synkretist	Synkretistin
Synodalpräsident	Synodalpräsidentin
Syphilitiker	Syphilitikerin
Syrakuser	Syrakuserin
Syrer	Syrerin
Syrienrückkehrer	Syrienrückkehrerin
Systemadministrator	Systemadministratorin
Systemanbieter	Systemanbieterin
Systematiker	Systematikerin
Systemgegner	Systemgegnerin
Systemkritiker	Systemkritikerin
Systemmanager	Systemmanagerin
Systemspieler	Systemspielerin
Systemtheoretiker	Systemtheoretikerin
Systemverwalter	Systemverwalterin
Szekler	Szeklerin
Szenegänger	Szenegängerin
Szientist	Szientistin
Tabakhändler	Tabakhändlerin
Tabakpflanzer	Tabakpflanzerin
Tabakraucher	Tabakraucherin
Tabakschnupfer	Tabakschnupferin
Tabaktrafikant	Tabaktrafikantin
Tabellenführer	Tabellenführerin
Tadler	Tadlerin
Taferlklassler	Taferlklasslerin
Tagdieb	Tagdiebin
Tagebuchschreiber	Tagebuchschreiberin
Tagedieb	Tagediebin
Tagelöhner	Tagelöhnerin
Tagesbesucher	Tagesbesucherin
Tagesgewinner	Tagesgewinnerin
Tagessieger	Tagessiegerin
Tagestourist	Tagestouristin
Tagesverlierer	Tagesverliererin
Taglöhner	Taglöhnerin
Tagträumer	Tagträumerin
Tagungsteilnehmer	Tagungsteilnehmerin
Tahitianer	Tahitianerin
Taiwaner	Taiwanerin
Takler	Taklerin
Taktierer	Taktiererin
Taktiker	Taktikerin
Talibankämpfer	Talibankämpferin
Talkmaster	Talkmasterin
Talmudist	Talmudistin
Tambourmajor	Tambourmajorin
Tandler	Tandlerin
Tändler	Tändlerin
Tankwart	Tankwartin
Tansanier	Tansanierin
Tanzpartner	Tanzpartnerin
Tanzschüler	Tanzschülerin
Taoist	Taoistin
Tapetendrucker	Tapetendruckerin
Tapezierer	Tapeziererin
Tarifpartner	Tarifpartnerin
Taschendieb	Taschendiebin
Taschenspieler	Taschenspielerin
Taschenträger	Taschenträgerin
Täschner	Täschnerin
Tasmanier	Tasmanierin
Tastenkünstler	Tastenkünstlerin
Tatar	Tatarin
Täter	Täterin
Tatortanalytiker	Tatortanalytikerin
Tatortreiniger	Tatortreinigerin
Tatrichter	Tatrichterin
Taubenzüchter	Taubenzüchterin
Taubstummenlehrer	Taubstummenlehrerin
Taucher	Taucherin
Tauchlehrer	Tauchlehrerin
Täufer	Täuferin
Taufscheinchrist	Taufscheinchristin
Täuscher	Täuscherin
Tauschpartner	Tauschpartnerin
Tausendkünstler	Tausendkünstlerin
Taxator	Taxatorin
Taxichauffeur	Taxichauffeurin
Taxilenker	Taxilenkerin
Taxiunternehmer	Taxiunternehmerin
Taxler	Taxlerin
Teamassistent	Teamassistentin
Teamchef	Teamchefin
Teamkapitän	Teamkapitänin
Teamleader	Teamleaderin
Teamleiter	Teamleiterin
Teammanager	Teammanagerin
Teamplayer	Teamplayerin
Technokrat	Technokratin
Teepflücker	Teepflückerin
Teetrinker	Teetrinkerin
Tegernseer	Tegernseerin
Teichwirt	Teichwirtin
Teilezurichter	Teilezurichterin
Teilfacharbeiter	Teilfacharbeiterin
Teilhaber	Teilhaberin
Teilnehmer	Teilnehmerin
Teilzeiter	Teilzeiterin
Telearbeiter	Telearbeiterin
Telegrafist	Telegrafistin
Telekommunikationsanbieter	Telekommunikationsanbieterin
Telepath	Telepathin
Tellerwäscher	Tellerwäscherin
Teltower	Teltowerin
Tempeldiener	Tempeldienerin
Tempelräuber	Tempelräuberin
Tempelschänder	Tempelschänderin
Temperenzler	Temperenzlerin
Templer	Templerin
Tempomacher	Tempomacherin
Temporärarbeiter	Temporärarbeiterin
Temposünder	Temposünderin
Tennislehrer	Tennislehrerin
Tennispartner	Tennispartnerin
Teppichhändler	Teppichhändlerin
Teppichknüpfer	Teppichknüpferin
Teppichweber	Teppichweberin
Teppichwirker	Teppichwirkerin
Tertianer	Tertianerin
Tessiner	Tessinerin
Testamentsvollstrecker	Testamentsvollstreckerin
Testator	Testatorin
Tester	Testerin
Testesser	Testesserin
Testfahrer	Testfahrerin
Testkandidat	Testkandidatin
Testpilot	Testpilotin
Testschläfer	Testschläferin
Teufel	Teufelin
Teufelsanbeter	Teufelsanbeterin
Teufelsaustreiber	Teufelsaustreiberin
Teufelsfahrer	Teufelsfahrerin
Teufelsgeiger	Teufelsgeigerin
Texaner	Texanerin
Textchef	Textchefin
Textdichter	Textdichterin
Texter	Texterin
Texterfasser	Texterfasserin
Textgestalter	Textgestalterin
Textilarbeiter	Textilarbeiterin
Textilchemiker	Textilchemikerin
Textilfabrikant	Textilfabrikantin
Textilingenieur	Textilingenieurin
Textillaborant	Textillaborantin
Textilmaschinenführer	Textilmaschinenführerin
Textilmechaniker	Textilmechanikerin
Textiltechniker	Textiltechnikerin
Textilveredler	Textilveredlerin
Thailänder	Thailänderin
Tharandter	Tharandterin
Theaterabonnent	Theaterabonnentin
Theateragent	Theateragentin
Theaterbesucher	Theaterbesucherin
Theaterfriseur	Theaterfriseurin
Theaterkritiker	Theaterkritikerin
Theatermacher	Theatermacherin
Theaterplastiker	Theaterplastikerin
Theaterregisseur	Theaterregisseurin
Theaterschauspieler	Theaterschauspielerin
Theatertechniker	Theatertechnikerin
Theaterwissenschafter	Theaterwissenschafterin
Theaterwissenschaftler	Theaterwissenschaftlerin
Thebaner	Thebanerin
Theist	Theistin
Theologieprofessor	Theologieprofessorin
Theologiestudent	Theologiestudentin
Theoretiker	Theoretikerin
Theosoph	Theosophin
Therapeut	Therapeutin
Thessalier	Thessalierin
Thomist	Thomistin
Thraker	Thrakerin
Thronanwärter	Thronanwärterin
Thronfolger	Thronfolgerin
Thronprätendent	Thronprätendentin
Thronräuber	Thronräuberin
Thurgauer	Thurgauerin
Thüringer	Thüringerin
Tibetaner	Tibetanerin
Tibeter	Tibeterin
Ticker	Tickerin
Tiefbauingenieur	Tiefbauingenieurin
Tiefseeforscher	Tiefseeforscherin
Tiefseetaucher	Tiefseetaucherin
Tiefstapler	Tiefstaplerin
Tieftaucher	Tieftaucherin
Tierbändiger	Tierbändigerin
Tierfänger	Tierfängerin
Tierfilmer	Tierfilmerin
Tierfreund	Tierfreundin
Tiergärtner	Tiergärtnerin
Tierhalter	Tierhalterin
Tierhändler	Tierhändlerin
Tierlehrer	Tierlehrerin
Tiermaler	Tiermalerin
Tierpfleger	Tierpflegerin
Tierpräparator	Tierpräparatorin
Tierquäler	Tierquälerin
Tierschützer	Tierschützerin
Tierstimmenimitator	Tierstimmenimitatorin
Tiertrainer	Tiertrainerin
Tierwärter	Tierwärterin
Tierwirt	Tierwirtin
Tierzüchter	Tierzüchterin
Tiger	Tigerin
Timorer	Timorerin
Tintenkleckser	Tintenkleckserin
Tipper	Tipperin
Tiroler	Tirolerin
Tischler	Tischlerin
Tischnachbar	Tischnachbarin
Tischredner	Tischrednerin
Tischtennisspieler	Tischtennisspielerin
Titelanwärter	Titelanwärterin
Titelaspirant	Titelaspirantin
Titelbewerber	Titelbewerberin
Titelfavorit	Titelfavoritin
Titelhalter	Titelhalterin
Titelheld	Titelheldin
Titelträger	Titelträgerin
Titelverteidiger	Titelverteidigerin
Titularprofessor	Titularprofessorin
Todeskandidat	Todeskandidatin
Todfeind	Todfeindin
Togoer	Togoerin
Tokioer	Tokioerin
Tokioter	Tokioterin
Toledaner	Toledanerin
Tondichter	Tondichterin
Tonkünstler	Tonkünstlerin
Tonmeister	Tonmeisterin
Tonmischer	Tonmischerin
Tonschneider	Tonschneiderin
Tonschöpfer	Tonschöpferin
Tonsetzer	Tonsetzerin
Tontechniker	Tontechnikerin
Topagent	Topagentin
Topathlet	Topathletin
Topfavorit	Topfavoritin
Töpfer	Töpferin
Töpfermeister	Töpfermeisterin
Topfgucker	Topfguckerin
Topmanager	Topmanagerin
Topscorer	Topscorerin
Topspieler	Topspielerin
Topverdiener	Topverdienerin
Torfstecher	Torfstecherin
Torgarant	Torgarantin
Torgauer	Torgauerin
Torhüter	Torhüterin
Torjäger	Torjägerin
Torrichter	Torrichterin
Torschützenkönig	Torschützenkönigin
Torsteher	Torsteherin
Torwächter	Torwächterin
Toskaner	Toskanerin
Totengräber	Totengräberin
Totenwäscher	Totenwäscherin
Töter	Töterin
Tourengänger	Tourengängerin
Tourengeher	Tourengeherin
Tourist	Touristin
Touristenführer	Touristenführerin
Touristiker	Touristikerin
Tourneeleiter	Tourneeleiterin
Tourneeveranstalter	Tourneeveranstalterin
Trachtler	Trachtlerin
Trader	Traderin
Traditionalist	Traditionalistin
Trafikant	Trafikantin
Träger	Trägerin
Tragiker	Tragikerin
Tragödiendichter	Tragödiendichterin
Trainingspartner	Trainingspartnerin
Traktorfahrer	Traktorfahrerin
Traktorist	Traktoristin
Tramper	Tramperin
Trampolinspringer	Trampolinspringerin
Transplanteur	Transplanteurin
Transportarbeiter	Transportarbeiterin
Transportbegleiter	Transportbegleiterin
Transportführer	Transportführerin
Transportunternehmer	Transportunternehmerin
Transvestit	Transvestitin
Trapezkünstler	Trapezkünstlerin
Trapper	Trapperin
Trauerbegleiter	Trauerbegleiterin
Traumdeuter	Traumdeuterin
Träumer	Träumerin
Traumtänzer	Traumtänzerin
Traumwandler	Traumwandlerin
Trebegänger	Trebegängerin
Treber	Treberin
Treckerfahrer	Treckerfahrerin
Treiber	Treiberin
Trendanalyst	Trendanalystin
Trendforscher	Trendforscherin
Trendler	Trendlerin
Trendsetter	Trendsetterin
Trentiner	Trentinerin
Treugeber	Treugeberin
Treuhänder	Treuhänderin
Triathlet	Triathletin
Trichinenschauer	Trichinenschauerin
Trickbetrüger	Trickbetrügerin
Trickdieb	Trickdiebin
Trickser	Trickserin
Tridentiner	Tridentinerin
Triebmörder	Triebmörderin
Triebtäter	Triebtäterin
Triebverbrecher	Triebverbrecherin
Trienter	Trienterin
Trierer	Triererin
Triester	Triesterin
Trinker	Trinkerin
Trinkkumpan	Trinkkumpanin
Trittbrettfahrer	Trittbrettfahrerin
Triumphator	Triumphatorin
Trivialautor	Trivialautorin
Trivialschriftsteller	Trivialschriftstellerin
Trockenbauer	Trockenbauerin
Trockenbaumonteur	Trockenbaumonteurin
Trödler	Trödlerin
Troer	Troerin
Trojaner	Trojanerin
Trommelschläger	Trommelschlägerin
Trommler	Trommlerin
Tröster	Trösterin
Trostspender	Trostspenderin
Trottel	Trottelin
Trotzkist	Trotzkistin
Troubleshooter	Troubleshooterin
Trucker	Truckerin
Trunkenbold	Trunkenboldin
Truppenführer	Truppenführerin
Truppensteller	Truppenstellerin
Tschader	Tschaderin
Tübinger	Tübingerin
Tuchfabrikant	Tuchfabrikantin
Tuchhändler	Tuchhändlerin
Tuchmacher	Tuchmacherin
Tüftler	Tüftlerin
Tugendbold	Tugendboldin
Tugendheld	Tugendheldin
Tugendwächter	Tugendwächterin
Tulpenzüchter	Tulpenzüchterin
Tüncher	Tüncherin
Tünchermeister	Tünchermeisterin
Tunesier	Tunesierin
Tuniser	Tuniserin
Tunnelbauer	Tunnelbauerin
Turbinenbauer	Turbinenbauerin
Türhüter	Türhüterin
Turiner	Turinerin
Turmbläser	Turmbläserin
Türmer	Türmerin
Turmspringer	Turmspringerin
Türnachbar	Türnachbarin
Turnierreiter	Turnierreiterin
Turniersieger	Turniersiegerin
Turnierspieler	Turnierspielerin
Turniertänzer	Turniertänzerin
Turnierteilnehmer	Turnierteilnehmerin
Turnlehrer	Turnlehrerin
Turnwart	Turnwartin
Türschließer	Türschließerin
Türsteher	Türsteherin
Tutor	Tutorin
Tuvaluer	Tuvaluerin
TV-Moderator	TV-Moderatorin
Typ	Typin
Typograf	Typografin
Tyrann	Tyrannin
Tyrannenmörder	Tyrannenmörderin
Übeltäter	Übeltäterin
Überbringer	Überbringerin
Überflieger	Überfliegerin
Überläufer	Überläuferin
Überlebenskünstler	Überlebenskünstlerin
Übernahmekandidat	Übernahmekandidatin
Übernehmer	Übernehmerin
Überraschungssieger	Überraschungssiegerin
Übersiedler	Übersiedlerin
Überträger	Überträgerin
Übertreter	Übertreterin
Überwacher	Überwacherin
Überwinder	Überwinderin
Überzeugungstäter	Überzeugungstäterin
Uckermärker	Uckermärkerin
Uelzener	Uelzenerin
Ugander	Uganderin
Uhrenbauer	Uhrenbauerin
Uhrenfabrikant	Uhrenfabrikantin
Uhrmacher	Uhrmacherin
Uhrmachermeister	Uhrmachermeisterin
Ukrainer	Ukrainerin
Ulmer	Ulmerin
Umbrer	Umbrerin
Umschüler	Umschülerin
Umsiedler	Umsiedlerin
Umstandskrämer	Umstandskrämerin
Umsteiger	Umsteigerin
Umstürzler	Umstürzlerin
Umweltaktivist	Umweltaktivistin
Umweltkommissar	Umweltkommissarin
Umweltminister	Umweltministerin
Umweltpolitiker	Umweltpolitikerin
Umweltsenator	Umweltsenatorin
Umweltsünder	Umweltsünderin
Umwohner	Umwohnerin
Umzügler	Umzüglerin
UN-Generalsekretär	UN-Generalsekretärin
UN-Soldat	UN-Soldatin
UN-Vertreter	UN-Vertreterin
UN-Waffeninspektor	UN-Waffeninspektorin
Unfäller	Unfällerin
Unfallfahrer	Unfallfahrerin
Unfallgegner	Unfallgegnerin
Unfallverursacher	Unfallverursacherin
Ungar	Ungarin
Unglücksfahrer	Unglücksfahrerin
Unheilstifter	Unheilstifterin
Unhold	Unholdin
Uniformträger	Uniformträgerin
Unionist	Unionistin
Unionschrist	Unionschristin
Unionspolitiker	Unionspolitikerin
Unitarier	Unitarierin
Universalempfänger	Universalempfängerin
Universalist	Universalistin
Universalspender	Universalspenderin
Universitätsabsolvent	Universitätsabsolventin
Universitätsdirektor	Universitätsdirektorin
Universitätsdozent	Universitätsdozentin
Universitätslehrer	Universitätslehrerin
Universitätspräsident	Universitätspräsidentin
Universitätsprofessor	Universitätsprofessorin
UNO-Generalsekretär	UNO-Generalsekretärin
Unruhestifter	Unruhestifterin
Unterdrücker	Unterdrückerin
Unterführer	Unterführerin
Untergrundkämpfer	Untergrundkämpferin
Unterhalter	Unterhalterin
Unterhaltungschef	Unterhaltungschefin
Unterhaltungskünstler	Unterhaltungskünstlerin
Unterhändler	Unterhändlerin
Untermieter	Untermieterin
Unternehmensberater	Unternehmensberaterin
Unternehmenschef	Unternehmenschefin
Unternehmensführer	Unternehmensführerin
Unternehmensgründer	Unternehmensgründerin
Unternehmensleiter	Unternehmensleiterin
Unternehmenslenker	Unternehmenslenkerin
Unternehmenssprecher	Unternehmenssprecherin
Unternehmensvertreter	Unternehmensvertreterin
Unternehmer	Unternehmerin
Unternehmervertreter	Unternehmervertreterin
Unteroffizier	Unteroffizierin
Unteroffiziersanwärter	Unteroffiziersanwärterin
Unterprimaner	Unterprimanerin
Unterrichtspraktikant	Unterrichtspraktikantin
Untersekundaner	Untersekundanerin
Unterstaatssekretär	Unterstaatssekretärin
Unterstützer	Unterstützerin
Unterstützungsempfänger	Unterstützungsempfängerin
Untersuchungsrichter	Untersuchungsrichterin
Untertan	Untertanin
Untertertianer	Untertertianerin
Unterwaldner	Unterwaldnerin
Unterwasserforscher	Unterwasserforscherin
Unterweltler	Unterweltlerin
Unterzeichner	Unterzeichnerin
Urbanist	Urbanistin
Urbewohner	Urbewohnerin
Ureinwohner	Ureinwohnerin
Urheber	Urheberin
Urheberrechtler	Urheberrechtlerin
Urkundenfälscher	Urkundenfälscherin
Urkundenforscher	Urkundenforscherin
Urlauber	Urlauberin
Urnengänger	Urnengängerin
Urner	Urnerin
Uruguayer	Uruguayerin
Ururenkel	Ururenkelin
Urwähler	Urwählerin
US-Amerikaner	US-Amerikanerin
US-Außenminister	US-Außenministerin
US-Bürger	US-Bürgerin
US-Präsident	US-Präsidentin
US-Soldat	US-Soldatin
Usedomer	Usedomerin
User	Userin
Usurpator	Usurpatorin
Utilitarist	Utilitaristin
Utopist	Utopistin
Utrechter	Utrechterin
Vagabund	Vagabundin
Vagant	Vagantin
Valencianer	Valencianerin
Vampir	Vampirin
Vanuatuer	Vanuatuerin
Varietékünstler	Varietékünstlerin
Vasall	Vasallin
Vaterlandsverräter	Vaterlandsverräterin
Vatermörder	Vatermörderin
Vechtaer	Vechtaerin
Vedutenmaler	Vedutenmalerin
Veganer	Veganerin
Vegetarier	Vegetarierin
Velofahrer	Velofahrerin
Velozipedist	Velozipedistin
Veneter	Veneterin
Venezianer	Venezianerin
Venezolaner	Venezolanerin
Venner	Vennerin
Verächter	Verächterin
Veranlasser	Veranlasserin
Veranstalter	Veranstalterin
Verantwortungsträger	Verantwortungsträgerin
Verbalerotiker	Verbalerotikerin
Verbandschef	Verbandschefin
Verbandsfunktionär	Verbandsfunktionärin
Verbandsleiter	Verbandsleiterin
Verbandspräsident	Verbandspräsidentin
Verbandsvertreter	Verbandsvertreterin
Verbinder	Verbinderin
Verbindungsoffizier	Verbindungsoffizierin
Verbindungsspieler	Verbindungsspielerin
Verbindungsstudent	Verbindungsstudentin
Verbindungsstürmer	Verbindungsstürmerin
Verbraucher	Verbraucherin
Verbraucherminister	Verbraucherministerin
Verbraucherschützer	Verbraucherschützerin
Verbraucherschutzminister	Verbraucherschutzministerin
Verbrecher	Verbrecherin
Verbreiter	Verbreiterin
Verdener	Verdenerin
Verderber	Verderberin
Verdiener	Verdienerin
Verdreher	Verdreherin
Verehrer	Verehrerin
Vereinschef	Vereinschefin
Vereinsfunktionär	Vereinsfunktionärin
Vereinskamerad	Vereinskameradin
Vereinskassier	Vereinskassierin
Vereinskassierer	Vereinskassiererin
Vereinspräsident	Vereinspräsidentin
Verfahrensingenieur	Verfahrensingenieurin
Verfahrensmechaniker	Verfahrensmechanikerin
Verfahrenstechniker	Verfahrenstechnikerin
Verfälscher	Verfälscherin
Verfasser	Verfasserin
Verfassungsfeind	Verfassungsfeindin
Verfassungsrechtler	Verfassungsrechtlerin
Verfassungsrichter	Verfassungsrichterin
Verfassungsschützer	Verfassungsschützerin
Verfechter	Verfechterin
Verfertiger	Verfertigerin
Verfolger	Verfolgerin
Verfrachter	Verfrachterin
Verführer	Verführerin
Vergleichsgläubiger	Vergleichsgläubigerin
Vergolder	Vergolderin
Verhaltensforscher	Verhaltensforscherin
Verhaltenstherapeut	Verhaltenstherapeutin
Verhandler	Verhandlerin
Verhandlungsführer	Verhandlungsführerin
Verhandlungspartner	Verhandlungspartnerin
Verhörrichter	Verhörrichterin
Verkaufsagent	Verkaufsagentin
Verkaufsberater	Verkaufsberaterin
Verkaufsdirektor	Verkaufsdirektorin
Verkaufsfahrer	Verkaufsfahrerin
Verkaufsingenieur	Verkaufsingenieurin
Verkaufsleiter	Verkaufsleiterin
Verkaufsstellenleiter	Verkaufsstellenleiterin
Verkehrsflugzeugführer	Verkehrsflugzeugführerin
Verkehrshelfer	Verkehrshelferin
Verkehrsminister	Verkehrsministerin
Verkehrsplaner	Verkehrsplanerin
Verkehrspolizist	Verkehrspolizistin
Verkehrssprecher	Verkehrssprecherin
Verkehrssünder	Verkehrssünderin
Verkehrsteilnehmer	Verkehrsteilnehmerin
Verkoster	Verkosterin
Verkünder	Verkünderin
Verkündiger	Verkündigerin
Verlader	Verladerin
Verlagsbuchhändler	Verlagsbuchhändlerin
Verlagschef	Verlagschefin
Verlagsgeschäftsführer	Verlagsgeschäftsführerin
Verlagsleiter	Verlagsleiterin
Verlagslektor	Verlagslektorin
Verlagsredakteur	Verlagsredakteurin
Verlagsrepräsentant	Verlagsrepräsentantin
Verlagsvertreter	Verlagsvertreterin
Verlegenheitskandidat	Verlegenheitskandidatin
Verleiher	Verleiherin
Verletzer	Verletzerin
Verleumder	Verleumderin
Verlierer	Verliererin
Verlustbringer	Verlustbringerin
Vermächtnisnehmer	Vermächtnisnehmerin
Vermarkter	Vermarkterin
Vermesser	Vermesserin
Vermessungsingenieur	Vermessungsingenieurin
Vermessungstechniker	Vermessungstechnikerin
Vermieter	Vermieterin
Vermittler	Vermittlerin
Vermögensberater	Vermögensberaterin
Vermögensverwalter	Vermögensverwalterin
Vernehmer	Vernehmerin
Vernehmungsrichter	Vernehmungsrichterin
Verneiner	Verneinerin
Vernichter	Vernichterin
Vernünftler	Vernünftlerin
Verpächter	Verpächterin
Verpackungskünstler	Verpackungskünstlerin
Verputzer	Verputzerin
Verräter	Verräterin
Versager	Versagerin
Versammlungsleiter	Versammlungsleiterin
Versandhändler	Versandhändlerin
Verschleißer	Verschleißerin
Verschwender	Verschwenderin
Verschwörer	Verschwörerin
Versemacher	Versemacherin
Versender	Versenderin
Verseschmied	Verseschmiedin
Versicherungsagent	Versicherungsagentin
Versicherungsberater	Versicherungsberaterin
Versicherungsgeber	Versicherungsgeberin
Versicherungsmakler	Versicherungsmaklerin
Versicherungsmathematiker	Versicherungsmathematikerin
Versicherungsnehmer	Versicherungsnehmerin
Versicherungsvertreter	Versicherungsvertreterin
Verskünstler	Verskünstlerin
Versöhner	Versöhnerin
Versöhnler	Versöhnlerin
Versorgungsempfänger	Versorgungsempfängerin
Versucher	Versucherin
Versuchsfahrer	Versuchsfahrerin
Versuchsleiter	Versuchsleiterin
Verteidiger	Verteidigerin
Verteidigungsminister	Verteidigungsministerin
Vertoner	Vertonerin
Verträger	Verträgerin
Vertragsgegner	Vertragsgegnerin
Vertragshändler	Vertragshändlerin
Vertragslehrer	Vertragslehrerin
Vertragspartner	Vertragspartnerin
Vertragsspieler	Vertragsspielerin
Vertrauenslehrer	Vertrauenslehrerin
Vertrauensschüler	Vertrauensschülerin
Vertreiber	Vertreiberin
Vertreter	Vertreterin
Vertretungslehrer	Vertretungslehrerin
Vertriebler	Vertrieblerin
Vertriebsleiter	Vertriebsleiterin
Vertriebspartner	Vertriebspartnerin
Verursacher	Verursacherin
Verwahrer	Verwahrerin
Verwaltungschef	Verwaltungschefin
Verwaltungsdirektor	Verwaltungsdirektorin
Verwaltungsrichter	Verwaltungsrichterin
Verwandler	Verwandlerin
Verwandlungskünstler	Verwandlungskünstlerin
Verwender	Verwenderin
Verwerter	Verwerterin
Verweser	Verweserin
Verzehrer	Verzehrerin
Veteran	Veteranin
Veterinär	Veterinärin
Vetter	Vetterin
Videopirat	Videopiratin
Videoreporter	Videoreporterin
Videoschiedsrichter	Videoschiedsrichterin
Viehdoktor	Viehdoktorin
Viehhalter	Viehhalterin
Viehhändler	Viehhändlerin
Viehhüter	Viehhüterin
Viehpfleger	Viehpflegerin
Viehtreiber	Viehtreiberin
Viehzüchter	Viehzüchterin
Vielfachtäter	Vielfachtäterin
Vielfahrer	Vielfahrerin
Vielflieger	Vielfliegerin
Vielschreiber	Vielschreiberin
Vielseiter	Vielseiterin
Vielwisser	Vielwisserin
Vier-Sterne-General	Vier-Sterne-Generalin
Viersternegeneral	Viersternegeneralin
Viertelfinalist	Viertelfinalistin
Vierziger	Vierzigerin
Vikar	Vikarin
Villacher	Villacherin
Vincenter	Vincenterin
Violinist	Violinistin
Virusträger	Virusträgerin
Visionär	Visionärin
Visitator	Visitatorin
Vitalist	Vitalistin
Vizeadmiral	Vizeadmiralin
Vizebürgermeister	Vizebürgermeisterin
Vizechef	Vizechefin
Vizeeuropameister	Vizeeuropameisterin
Vizekönig	Vizekönigin
Vizekonsul	Vizekonsulin
Vizemeister	Vizemeisterin
Vizepräsident	Vizepräsidentin
Vizepremier	Vizepremierin
Vizepremierminister	Vizepremierministerin
Vizerektor	Vizerektorin
Vizeweltmeister	Vizeweltmeisterin
Vogelfänger	Vogelfängerin
Vogelhändler	Vogelhändlerin
Vogelkundler	Vogelkundlerin
Vogelschützer	Vogelschützerin
Vogelsteller	Vogelstellerin
Vogelzüchter	Vogelzüchterin
Vogler	Voglerin
Vogtländer	Vogtländerin
Vokalsolist	Vokalsolistin
Völkerkundler	Völkerkundlerin
Völkerrechtler	Völkerrechtlerin
Völklinger	Völklingerin
Volksaktionär	Volksaktionärin
Volksbibliothekar	Volksbibliothekarin
Volksdichter	Volksdichterin
Volksfeind	Volksfeindin
Volksfreund	Volksfreundin
Volksheld	Volksheldin
Volkskommissar	Volkskommissarin
Volkskorrespondent	Volkskorrespondentin
Volkskundler	Volkskundlerin
Volkskünstler	Volkskünstlerin
Volkspolizist	Volkspolizistin
Volksredner	Volksrednerin
Volkssänger	Volkssängerin
Volksschauspieler	Volksschauspielerin
Volksschriftsteller	Volksschriftstellerin
Volksschüler	Volksschülerin
Volksschullehrer	Volksschullehrerin
Volkstänzer	Volkstänzerin
Volkstribun	Volkstribunin
Volksverführer	Volksverführerin
Volksverhetzer	Volksverhetzerin
Volksverräter	Volksverräterin
Volksvertreter	Volksvertreterin
Volkswirt	Volkswirtin
Volkswirtschafter	Volkswirtschafterin
Volkswirtschaftler	Volkswirtschaftlerin
Volkszähler	Volkszählerin
Vollakademiker	Vollakademikerin
Vollblutmusiker	Vollblutmusikerin
Vollender	Vollenderin
Volleyballer	Volleyballerin
Volleyballspieler	Volleyballspielerin
Vollhafter	Vollhafterin
Vollidiot	Vollidiotin
Volljurist	Volljuristin
Vollmachtgeber	Vollmachtgeberin
Vollstrecker	Vollstreckerin
Vollzahler	Vollzahlerin
Vollzugsleiter	Vollzugsleiterin
Volontär	Volontärin
Volsker	Volskerin
Voltigierer	Voltigiererin
Voluntarist	Voluntaristin
Vorarbeiter	Vorarbeiterin
Vorarlberger	Vorarlbergerin
Vorbesitzer	Vorbesitzerin
Vorbeter	Vorbeterin
Vordenker	Vordenkerin
Vorderspieler	Vorderspielerin
Vorgänger	Vorgängerin
Vorgeschichtler	Vorgeschichtlerin
Vorjahresmeister	Vorjahresmeisterin
Vorjahressieger	Vorjahressiegerin
Vorkämpfer	Vorkämpferin
Vorkäufer	Vorkäuferin
Vorkoster	Vorkosterin
Vorläufer	Vorläuferin
Vorleser	Vorleserin
Vormieter	Vormieterin
Vormund	Vormundin
Vorpommer	Vorpommerin
Vorredner	Vorrednerin
Vorreiter	Vorreiterin
Vorruheständler	Vorruheständlerin
Vorsager	Vorsagerin
Vorsänger	Vorsängerin
Vorschoter	Vorschoterin
Vorschüler	Vorschülerin
Vorsitzer	Vorsitzerin
Vorsorgemediziner	Vorsorgemedizinerin
Vorspieler	Vorspielerin
Vorspringer	Vorspringerin
Vorstädter	Vorstädterin
Vorständler	Vorständlerin
Vorstandschef	Vorstandschefin
Vorstandssprecher	Vorstandssprecherin
Vorsteher	Vorsteherin
Vorstopper	Vorstopperin
Vortänzer	Vortänzerin
Vortragskünstler	Vortragskünstlerin
Vorturner	Vorturnerin
Vorzeigesportler	Vorzeigesportlerin
Vorzugsschüler	Vorzugsschülerin
Votant	Votantin
Voyageur	Voyageurin
Voyeur	Voyeurin
Vulkaniseur	Vulkaniseurin
VW-Fahrer	VW-Fahrerin
Waadtländer	Waadtländerin
Waagemeister	Waagemeisterin
Wachsoldat	Wachsoldatin
Wachstumsfetischist	Wachstumsfetischistin
Wachszieher	Wachszieherin
Wadenbeißer	Wadenbeißerin
Waffenexporteur	Waffenexporteurin
Waffenhändler	Waffenhändlerin
Waffeninspekteur	Waffeninspekteurin
Waffeninspektor	Waffeninspektorin
Waffenschieber	Waffenschieberin
Wagenbauer	Wagenbauerin
Wagenführer	Wagenführerin
Wagenlenker	Wagenlenkerin
Wagenmacher	Wagenmacherin
Wagenwäscher	Wagenwäscherin
Wagner	Wagnerin
Wagnerianer	Wagnerianerin
Wahhabit	Wahhabitin
Wahlbeobachter	Wahlbeobachterin
Wähler	Wählerin
Wahlforscher	Wahlforscherin
Wahlhelfer	Wahlhelferin
Wahlkämpfer	Wahlkämpferin
Wahlleiter	Wahlleiterin
Wahlredner	Wahlrednerin
Wahlsieger	Wahlsiegerin
Wahltaktiker	Wahltaktikerin
Wahlverteidiger	Wahlverteidigerin
Wahlvorsteher	Wahlvorsteherin
Wahlwerber	Wahlwerberin
Wahrer	Wahrerin
Wahrheitsfanatiker	Wahrheitsfanatikerin
Wahrheitssucher	Wahrheitssucherin
Wahrschauer	Wahrschauerin
Währungshüter	Währungshüterin
Waiblinger	Waiblingerin
Waldarbeiter	Waldarbeiterin
Waldecker	Waldeckerin
Waldenser	Waldenserin
Waldfacharbeiter	Waldfacharbeiterin
Waldhüter	Waldhüterin
Waldläufer	Waldläuferin
Wäldler	Wäldlerin
Waldviertler	Waldviertlerin
Waliser	Waliserin
Walker	Walkerin
Waller	Wallerin
Wallfahrer	Wallfahrerin
Walliser	Walliserin
Walser	Walserin
Walter	Walterin
Walzertänzer	Walzertänzerin
Walzwerker	Walzwerkerin
Wanderarbeiter	Wanderarbeiterin
Wanderlehrer	Wanderlehrerin
Wanderleiter	Wanderleiterin
Wanderprediger	Wanderpredigerin
Warenproduzent	Warenproduzentin
Warmduscher	Warmduscherin
Warner	Warnerin
Warschauer	Warschauerin
Wart	Wartin
Wärter	Wärterin
Wäscher	Wäscherin
Washingtoner	Washingtonerin
Wasserballer	Wasserballerin
Wasserballspieler	Wasserballspielerin
Wasserretter	Wasserretterin
Wasserskiläufer	Wasserskiläuferin
Wassersportler	Wassersportlerin
Wasserträger	Wasserträgerin
Wasserverkäufer	Wasserverkäuferin
Wasserverschmutzer	Wasserverschmutzerin
Wattenscheider	Wattenscheiderin
Wattführer	Wattführerin
Webdesigner	Webdesignerin
Webmaster	Webmasterin
Webmeister	Webmeisterin
Wechselnehmer	Wechselnehmerin
Wechselschuldner	Wechselschuldnerin
Wechselspieler	Wechselspielerin
Wechselwähler	Wechselwählerin
Wechsler	Wechslerin
Wegbereiter	Wegbereiterin
Wegmacher	Wegmacherin
Wehrführer	Wehrführerin
Wehrleiter	Wehrleiterin
Wehrpolitiker	Wehrpolitikerin
Wehrsprecher	Wehrsprecherin
Weibel	Weibelin
Weichensteller	Weichenstellerin
Weichenwärter	Weichenwärterin
Weidetierhalter	Weidetierhalterin
Weimarer	Weimarerin
Weinbergbesitzer	Weinbergbesitzerin
Weinbergsbesitzer	Weinbergsbesitzerin
Weinfreund	Weinfreundin
Weingärtner	Weingärtnerin
Weinhändler	Weinhändlerin
Weinhauer	Weinhauerin
Weinkellner	Weinkellnerin
Weinküfer	Weinküferin
Weinliebhaber	Weinliebhaberin
Weinpanscher	Weinpanscherin
Weintrinker	Weintrinkerin
Weissager	Weissagerin
Weißbinder	Weißbinderin
Weißgardist	Weißgardistin
Weißgerber	Weißgerberin
Weitenjäger	Weitenjägerin
Weitspringer	Weitspringerin
Wellenreiter	Wellenreiterin
Welschschweizer	Welschschweizerin
Weltbürger	Weltbürgerin
Weltcupsieger	Weltcupsiegerin
Weltenbummler	Weltenbummlerin
Weltklassefahrer	Weltklassefahrerin
Weltklasseläufer	Weltklasseläuferin
Weltklassespieler	Weltklassespielerin
Weltklassesportler	Weltklassesportlerin
Weltmarktführer	Weltmarktführerin
Weltmeister	Weltmeisterin
Weltraumfahrer	Weltraumfahrerin
Weltraumforscher	Weltraumforscherin
Weltraumpilot	Weltraumpilotin
Weltrekordhalter	Weltrekordhalterin
Weltrekordinhaber	Weltrekordinhaberin
Weltrekordler	Weltrekordlerin
Weltumsegler	Weltumseglerin
Werbeberater	Werbeberaterin
Werbechef	Werbechefin
Werbefotograf	Werbefotografin
Werbegrafiker	Werbegrafikerin
Werbeleiter	Werbeleiterin
Werbepartner	Werbepartnerin
Werber	Werberin
Werbetexter	Werbetexterin
Werbeträger	Werbeträgerin
Werbevertreter	Werbevertreterin
Werfer	Werferin
Werftarbeiter	Werftarbeiterin
Werker	Werkerin
Werkfahrer	Werkfahrerin
Werklehrer	Werklehrerin
Werkleiter	Werkleiterin
Werkmeister	Werkmeisterin
Werksfahrer	Werksfahrerin
Werkstoffingenieur	Werkstoffingenieurin
Werkstoffprüfer	Werkstoffprüferin
Werkstudent	Werkstudentin
Werkzeugmechaniker	Werkzeugmechanikerin
Werkzeugschlosser	Werkzeugschlosserin
Wertungsrichter	Wertungsrichterin
Wesleyaner	Wesleyanerin
Westberliner	Westberlinerin
Westeuropäer	Westeuropäerin
Westler	Westlerin
Westösterreicher	Westösterreicherin
Westschweizer	Westschweizerin
Wettanbieter	Wettanbieterin
Wettbetrüger	Wettbetrügerin
Wettbewerber	Wettbewerberin
Wettbewerbshüter	Wettbewerbshüterin
Wettbewerbsteilnehmer	Wettbewerbsteilnehmerin
Wettermacher	Wettermacherin
Wetterprophet	Wetterprophetin
Wettfahrer	Wettfahrerin
Wettiner	Wettinerin
Wettkämpfer	Wettkämpferin
Wettläufer	Wettläuferin
Whistleblower	Whistleblowerin
Wichtigmacher	Wichtigmacherin
Wichtigtuer	Wichtigtuerin
Widerkläger	Widerklägerin
Widersacher	Widersacherin
Widerständler	Widerständlerin
Widerstandskämpfer	Widerstandskämpferin
Wiedereinsteiger	Wiedereinsteigerin
Wiedergänger	Wiedergängerin
Wiederholungstäter	Wiederholungstäterin
Wiederkäufer	Wiederkäuferin
Wiedertäufer	Wiedertäuferin
Wiederverkäufer	Wiederverkäuferin
Wiener	Wienerin
Wiesbadener	Wiesbadenerin
Wiesbadner	Wiesbadnerin
Wilddieb	Wilddiebin
Wilder	Wilderin
Wildfrevler	Wildfrevlerin
Wildheger	Wildhegerin
Wildpinkler	Wildpinklerin
Wildschütz	Wildschützin
Wilhelmshavener	Wilhelmshavenerin
Wimmer	Wimmerin
Windkraftgegner	Windkraftgegnerin
Windmacher	Windmacherin
Windsurfer	Windsurferin
Winkeladvokat	Winkeladvokatin
Wintercamper	Wintercamperin
Wintersportler	Wintersportlerin
Winzer	Winzerin
Wirker	Wirkerin
Wirt	Wirtin
Wirtschafter	Wirtschafterin
Wirtschaftler	Wirtschaftlerin
Wirtschaftsasylant	Wirtschaftsasylantin
Wirtschaftsberater	Wirtschaftsberaterin
Wirtschaftsdezernent	Wirtschaftsdezernentin
Wirtschaftsforscher	Wirtschaftsforscherin
Wirtschaftsführer	Wirtschaftsführerin
Wirtschaftsfunktionär	Wirtschaftsfunktionärin
Wirtschaftshistoriker	Wirtschaftshistorikerin
Wirtschaftsinformatiker	Wirtschaftsinformatikerin
Wirtschaftsingenieur	Wirtschaftsingenieurin
Wirtschaftsjournalist	Wirtschaftsjournalistin
Wirtschaftskapitän	Wirtschaftskapitänin
Wirtschaftsmathematiker	Wirtschaftsmathematikerin
Wirtschaftsmigrant	Wirtschaftsmigrantin
Wirtschaftsminister	Wirtschaftsministerin
Wirtschaftspartner	Wirtschaftspartnerin
Wirtschaftsprofessor	Wirtschaftsprofessorin
Wirtschaftsprüfer	Wirtschaftsprüferin
Wirtschaftssenator	Wirtschaftssenatorin
Wirtschaftsvertreter	Wirtschaftsvertreterin
Wirtschaftswissenschafter	Wirtschaftswissenschafterin
Wismarer	Wismarerin
Wissenschafter	Wissenschafterin
Wissenschaftler	Wissenschaftlerin
Wissenschaftsastronaut	Wissenschaftsastronautin
Wissenschaftsjournalist	Wissenschaftsjournalistin
Wissenschaftsminister	Wissenschaftsministerin
Wittelsbacher	Wittelsbacherin
Wittenberger	Wittenbergerin
Witzbold	Witzboldin
WM-Teilnehmer	WM-Teilnehmerin
Wochenendausflügler	Wochenendausflüglerin
Wochenendpendler	Wochenendpendlerin
Wohlfahrtsempfänger	Wohlfahrtsempfängerin
Wohlfahrtspfleger	Wohlfahrtspflegerin
Wohlstandsbürger	Wohlstandsbürgerin
Wohltäter	Wohltäterin
Wohnmobilist	Wohnmobilistin
Wohnungsbauminister	Wohnungsbauministerin
Wohnungseigentümer	Wohnungseigentümerin
Wohnungsgeber	Wohnungsgeberin
Wohnungsinhaber	Wohnungsinhaberin
Wohnungsmakler	Wohnungsmaklerin
Wolfenbütteler	Wolfenbüttelerin
Wolfsberater	Wolfsberaterin
Wolfsburger	Wolfsburgerin
Wollkämmer	Wollkämmerin
Wollschläger	Wollschlägerin
Wormser	Wormserin
Wortakrobat	Wortakrobatin
Wortemacher	Wortemacherin
Wortführer	Wortführerin
Wortklauber	Wortklauberin
Wortschöpfer	Wortschöpferin
Wortverdreher	Wortverdreherin
Wrestler	Wrestlerin
Wunderdoktor	Wunderdoktorin
Wunderheiler	Wunderheilerin
Wundertäter	Wundertäterin
Wünschelrutengänger	Wünschelrutengängerin
Wünschelrutengeher	Wünschelrutengeherin
Wunschgegner	Wunschgegnerin
Wunschkandidat	Wunschkandidatin
Wunschpartner	Wunschpartnerin
Wuppertaler	Wuppertalerin
Würdenträger	Würdenträgerin
Würger	Würgerin
Wurster	Wursterin
Württemberger	Württembergerin
Würzburger	Würzburgerin
Wüstenbewohner	Wüstenbewohnerin
Wutbürger	Wutbürgerin
Wüter	Wüterin
Wutwähler	Wutwählerin
Xantener	Xantenerin
Xylograf	Xylografin
Yogalehrer	Yogalehrerin
Youtuber	Youtuberin
Zagreber	Zagreberin
Zahler	Zahlerin
Zähler	Zählerin
Zählkandidat	Zählkandidatin
Zahlkellner	Zahlkellnerin
Zahlmeister	Zahlmeisterin
Zahlungsdienstleister	Zahlungsdienstleisterin
Zahlungsempfänger	Zahlungsempfängerin
Zahnklempner	Zahnklempnerin
Zahnmediziner	Zahnmedizinerin
Zähringer	Zähringerin
Zairer	Zairerin
Zänker	Zänkerin
Zapatist	Zapatistin
Zapfer	Zapferin
Zapper	Zapperin
Zappler	Zapplerin
Zar	Zarin
Zauberkünstler	Zauberkünstlerin
Zaubermeister	Zaubermeisterin
Zauberpriester	Zauberpriesterin
Zaubrer	Zaubrerin
Zecher	Zecherin
Zechkumpan	Zechkumpanin
Zechpreller	Zechprellerin
Zeichenlehrer	Zeichenlehrerin
Zeichner	Zeichnerin
Zeidler	Zeidlerin
Zeilenschinder	Zeilenschinderin
Zeitarbeiter	Zeitarbeiterin
Zeitgeschichtler	Zeitgeschichtlerin
Zeithistoriker	Zeithistorikerin
Zeitkarteninhaber	Zeitkarteninhaberin
Zeitkritiker	Zeitkritikerin
Zeitnehmer	Zeitnehmerin
Zeitschriftenverleger	Zeitschriftenverlegerin
Zeitschriftenwerber	Zeitschriftenwerberin
Zeitsoldat	Zeitsoldatin
Zeitungsausträger	Zeitungsausträgerin
Zeitungshändler	Zeitungshändlerin
Zeitungsjournalist	Zeitungsjournalistin
Zeitungskorrespondent	Zeitungskorrespondentin
Zeitungsleser	Zeitungsleserin
Zeitungsmacher	Zeitungsmacherin
Zeitungsredakteur	Zeitungsredakteurin
Zeitungsreporter	Zeitungsreporterin
Zeitungsschreiber	Zeitungsschreiberin
Zeitungsträger	Zeitungsträgerin
Zeitungsverkäufer	Zeitungsverkäuferin
Zeitungsverleger	Zeitungsverlegerin
Zeitungsverträger	Zeitungsverträgerin
Zeitungszusteller	Zeitungszustellerin
Zeitzer	Zeitzerin
Zelebrant	Zelebrantin
Zellenleiter	Zellenleiterin
Zelot	Zelotin
Zelter	Zelterin
Zeltler	Zeltlerin
Zensor	Zensorin
Zentaur	Zentaurin
Zentralbankchef	Zentralbankchefin
Zentrist	Zentristin
Zerbster	Zerbsterin
Zeremonienmeister	Zeremonienmeisterin
Zerspanungsmechaniker	Zerspanungsmechanikerin
Zerstörer	Zerstörerin
Zettler	Zettlerin
Zeugwart	Zeugwartin
Ziegelbrenner	Ziegelbrennerin
Ziegelstreicher	Ziegelstreicherin
Ziegenhirt	Ziegenhirtin
Ziegler	Zieglerin
Zielfahnder	Zielfahnderin
Zielrichter	Zielrichterin
Zigarettenraucher	Zigarettenraucherin
Zigarrenraucher	Zigarrenraucherin
Zigeuner	Zigeunerin
Zimmerermeister	Zimmerermeisterin
Zimmerkamerad	Zimmerkameradin
Zimmerkellner	Zimmerkellnerin
Zimmermeister	Zimmermeisterin
Zimmernachbar	Zimmernachbarin
Zimmervermieter	Zimmervermieterin
Zimmerwirt	Zimmerwirtin
Zinker	Zinkerin
Zinngießer	Zinngießerin
Zionist	Zionistin
Zirkelleiter	Zirkelleiterin
Zirkelteilnehmer	Zirkelteilnehmerin
Zirkusclown	Zirkusclownin
Zirkusdirektor	Zirkusdirektorin
Zirkuskünstler	Zirkuskünstlerin
Zirkusreiter	Zirkusreiterin
Ziseleur	Ziseleurin
Ziselierer	Ziseliererin
Zivildiener	Zivildienerin
Zivilfahnder	Zivilfahnderin
Zivilingenieur	Zivilingenieurin
Zivilist	Zivilistin
Zivilrechtler	Zivilrechtlerin
Zivilrichter	Zivilrichterin
Ziviltechniker	Ziviltechnikerin
Zocker	Zockerin
Zollfahnder	Zollfahnderin
Zöllner	Zöllnerin
Zoodirektor	Zoodirektorin
Zootechniker	Zootechnikerin
Zoowärter	Zoowärterin
Zotenreißer	Zotenreißerin
Zuarbeiter	Zuarbeiterin
Züchter	Züchterin
Zuchthäusler	Zuchthäuslerin
Zuchtmeister	Zuchtmeisterin
Zuckerbäcker	Zuckerbäckerin
Zugbegleiter	Zugbegleiterin
Zuger	Zugerin
Zugführer	Zugführerin
Zugsführer	Zugsführerin
Zuhälter	Zuhälterin
Zuhörer	Zuhörerin
Zukunftsforscher	Zukunftsforscherin
Zulassungsbesitzer	Zulassungsbesitzerin
Zündler	Zündlerin
Zünftler	Zünftlerin
Zunftmeister	Zunftmeisterin
Zungenredner	Zungenrednerin
Zürcher	Zürcherin
Zureiter	Zureiterin
Züricher	Züricherin
Zurichter	Zurichterin
Zuschneider	Zuschneiderin
Zuseher	Zuseherin
Zusender	Zusenderin
Zuspätkommer	Zuspätkommerin
Zusteller	Zustellerin
Zustifter	Zustifterin
Zuträger	Zuträgerin
Zuzüger	Zuzügerin
Zuzügler	Zuzüglerin
Zwangsarbeiter	Zwangsarbeiterin
Zwangsneurotiker	Zwangsneurotikerin
Zwangsumsiedler	Zwangsumsiedlerin
Zwangsverteidiger	Zwangsverteidigerin
Zweibeiner	Zweibeinerin
Zweifler	Zweiflerin
Zweiradfahrer	Zweiradfahrerin
Zweitbesitzer	Zweitbesitzerin
Zwickauer	Zwickauerin
Zwirner	Zwirnerin
Zwischenhändler	Zwischenhändlerin
Zwischenrufer	Zwischenruferin
Zwischenträger	Zwischenträgerin
Zyniker	Zynikerin
Zyprer	Zyprerin
Zypriot	Zypriotin
Aerobiclehrer	Aerobiclehrerin
Alleinerziehender	Alleinerziehende
Angestellter	Angestellte
Anwalt	Anwältin
Arbeitssuchender	Arbeitssuchende
Armeeangehöriger	Armeeangehörige
Astrologe	Astrologin
Ballettänzer	Ballettänzerin
Bankangestellte	Bankangestellte
Bankkaufleute	
Baseballspieler	Baseballspielerin
Basketballspieler	Basketballspielerin
Baumaschinenführer	Baumaschinenführerin
Bestattungsunternehmer	Bestattungsunternehmerin
Betreuungsperson	
Bingospieler	Bingospielerin
Biologe	Biologin
Büroangestellter	Büroangestellte
Chefkoch	Chefköchin
Comiczeichner	Comiczeichnerin
Controller	Controllerin
Copmutertechniker	Computertechnikerin
Datenverarbeiter	Datenverarbeiterin
Designer	Designerin
Dienstbote	Dienstbotin
Drogenabhängige	Drogenabhängige
Eltern	
Eroberer	Erobererin
Fan	
Feuerwehrleute	
Fluglotse	Fluglotsin
Frauenarzt	Frauenärztin
Friseur	Friseurin
Führungskraft	
Fussballspieler	Fussballspielerin
Fussballtrainer	Fussballtrainerin
Gefangener	Gefangene
Geologe	Geologin
Gerfängniswärter	Gefängniswärterin
Gesundheitsberater	Gesundheitsberatin
Gewerkschafter	Gewerkschafterin
Grafikdesigner	Grafikdesignerin
Groupie	
Häftling	
Haushälter	Haushäterin
Herrenfriseur	Herrenfriseurin
Hochzeitsplaner	Hochzeitsplanerin
Holzbearbeiter	Holzbearbeiterin
Hotelgast	Hotelgästin
Innenausstatter	Innenausstatterin
Jugendlicher	Jugendliche
Jurymitglied	
Kameraleute	
Karaokesänger	Karaokesängerin
Katzenbesitzer	Katzenbesitzerin
Kieferorthopäde	Kieferorthopädin
Kind	
Kinderarzt	Kinderärztin
Kindergartenpädagoge	Kindergartenpädagogin
Kleinkind	
Kletterer	Kletterin
Koch	Köchin
Korrekturleser	Korrekturleserin
Kosmetiker	Kosmetikerin
Krankenpfleger	Krankenpflegerin
Krimineller	Kriminelle
Küchenhilfe	
Kunde	Kundin
Labortechniker	Labortechnikerin
Lehrling	
LKW-Fahrer	LKW-Fahrerin
Logopäde	Logopädin
Mannequin	
Meeresforscher	Meeresforscherin
Metallurge	Metallurgin
Meteorologe	Meteorologin
Model	
Müllleute	
Nagelpfleger	Nagelpflegerin
Neurologe	Neurogin
Obdachloser	Obdachlose
Oberst	Oberstin
Opfer	
Parlamentsabgeordneter	Parlamentsabgeordnete
Person	
Pferdetrainer	Pferdetrainerin
Physikstudent	Physikstudentin
Postangestellter	Postangestellte
Postbote	Postbotin
Profi-Sportler	Profi-Sportlerin
Prominenter	Prominente
Prostituierter	Prostituierte
Psychologiestudent	Psychologiestudentin
Rechtsanwaltsgehilfe	Rechtsanwaltsgehilfin
Rechtsprofessor	Rechtsprofessorin
Regierungsbeamter	Regierungsbeamtin
Reifenwechsler	Reifenwechslerin
Reinigungskraft	
Reisekaufleute	
Rettungskraft	
Röntgentechniker	Röntgentechnikerin
Säugling	
Schokoladenliebhaber	Schokoladenliebhaberin
Schreibkraft	
Schulkind	
Sektenmitglied	
Sektretär	Sekretärin
Sheriff	
Snookerspieler	Snookerspielerin
Sonnenbadender	Sonnenbadende
Straßenbauarbeiter	Straßenbauarbeiterin
Stripper	Stripperin
Tagesvater	
Tatverdächtiger	Tatverdächtige
Technologe	Technologin
Teenager	Teenagerin
Tierarzt	Tierärztin
Vergewaltigungsopfer	
Verkaufsassistent	Verkaufsassistentin
Verkehrsingenieur	Verkehrsingenieurin
Verwaltungsangestellte	Verwaltungsangestellte
Verwandter	Verwandte
Vorgesetzter	Vorgesetzte
Vorsitzender	Vorsitzende
Zahnarzt	Zahnärztin
Zauberer	Zauberin
Zimmerpersonal	
Zollbeamter	Zollbeamtin
Zollinspektor	Zollinspektorin
Zoologe	Zoologin
Abteilungsleiter	Abteilungsleiterin
Admiral	Admiralin
Akrobat	Akrobatin
Alkoholiker	Alkoholikerin
Analyst	Analystin
Anführer	Anführerin
Anhalter	Anhalterin
Animateur	Animateurin
Antiquitätenhändler	Antiquitätenhändlerin
Apotheker	Apothekerin
Arbeiter	Arbeiterin
Architekt	Architektin
Archivar	Archivarin
Assistent	Assistentin
Astronaut	Astronautin
Astronom	Astronomin
Aufseher	Aufseherin
Automechaniker	Automechanikerin
Autor	Autorin
Babysitter	Babysitterin
Bäcker	Bäckerin
Barkeeper	Barkeeperin
Bassist	Bassistin
Bauarbeiter	Bauarbeiterin
Bauer	Bauerin
Bauingenieur	Bauingenieurin
Bauunternehmer	Bauunternehmerin
Bergarbeiter	Bergarbeiterin
Bergsteiger	Bergsteigerin
Bestatter	Bestatterin
Betriebsleiter	Betriebsleiterin
Bewährungshelfer	Bewährungshelferin
Bibliothekar	Bibliothekarin
Bildhauer	Bildhauerin
Börsenmakler	Börsenmaklerin
Boxer	Boxerin
Buchhalter	Buchhalterin
Bürgermeister	Bürgermeisterin
Busfahrer	Busfahrerin
Camper	Camperin
Cheerleader	Cheerleaderin
Chef	Chefin
Chemiker	Chemikerin
Chiropraktiker	Chiropraktikerin
Chirurg	Chirurgin
Choreograf	Choreografin
Clown	Clownin
Computerspezialist	Computerspezialistin
Dachdecker	Dachdeckerin
Demonstrant	Demonstrantin
Dentalhygieniker	Dentalhygienikerin
Detektiv	Detektivin
Diakon	Diakonin
Dichter	Dichterin
Dieb	Diebin
Diplomat	Diplomatin
Dirigent	Dirigentin
Doktor	Doktorin
Dolmetscher	Dolmetscherin
Drehbuchautor	Drehbuchautorin
Drogenhändler	Drogenhändlerin
Eiskunstläufer	Eiskunstläuferin
Eisläufer	Eisläuferin
Elektriker	Elektrikerin
Entdecker	Entdeckerin
Entertainer	Entertainerin
Erfinder	Erfinderin
Ergotherapeut	Ergotherapeutin
Ernährungsberater	Ernährungsberaterin
Ernährungsberater	Ernähurngsberaterin
Ernährungswissenschaftler	Ernährungswissenschaftlerin
Erzieher	Erzieherin
Fahrer	Fahrerin
Fahrlehrer	Fahrlehrerin
Fahrlehrer	Fahrleherin
Fallschirmspringer	Fallschirmspringerin
Fechter	Fechterin
Filmregisseur	Filmregisseurin
Filmvorführer	Filmvorführerin
Finanzberater	Finanzberaterin
Fischer	Fischerin
Fitnesstrainer	Fitnesstrainerin
Florist	Floristin
Flötenspieler	Flötenspielerin
Flugbegleiter	Flugbegleiterin
Forscher	Forscherin
Förster	Försterin
Fotograf	Fotografin
Fußgänger	Fußgängerin
Gärtner	Gärtnerin
Gastwirt	Gastwirtin
Geburtshelfer	Geburtshelferin
Geiger	Geigerin
General	Generalin
Gerichtsschreiber	Gerichtsschreiberin
Geschäftsführer	Geschäftsführerin
Geschichtsprofessor	Geschichtsprofessorin
Gewichtheber	Gewichtheberin
Gitarrenspieler	Gitarrenspielerin
Goldschmied	Goldschmiedin
Golfspieler	Golfspielerin
Gouverneur	Gouverneurin
Grundschullehrer	Grundschullehrerin
Handleser	Handleserin
Handwerker	Handwerkerin
Hausmeister	Hausmeisterin
Hellseher	Hellseherin
Herausgeber	Herausgeberin
Historiker	Historikerin
Holzschnitzer	Holzschnitzerin
Hotelmanager	Hotelmanagerin
Hundehalter	Hundehalterin
Immobilienmakler	Immobilienmaklerin
Informant	Informantin
Ingenieur	Ingenieurin
Jäger	Jägerin
Jogger	Joggerin
Jongleur	Jongleurin
Journalist	Journalistin
Juwelier	Juwelierin
Kartenspieler	Kartenspielerin
Kassierer	Kassiererin
Käufer	Käuferin
Kellner	Kellnerin
Kindergärtner	Kindergärtnerin
Kinobesucher	Kinobesucherin
Klavierspieler	Klavierspielerin
Klempner	Klempnerin
Klient	Klientin
Komiker	Komikerin
Kommissar	Kommissarin
Komponist	Komponistin
Konditor	Konditorin
Koordinator	Koordinatorin
Kranführer	Kranführerin
Künstler	Künstlerin
Kurator	Kuratorin
Kurier	Kurierin
Ladendieb	Ladendiebin
Landschaftsgärtner	Landschaftsgärtnerin
Läufer	Läuferin
Leuchtturmwärter	Leuchtturmwärterin
Leutnant	Leutnantin
Leutnant	
Lokführer	Lokführerin
Manager	Managerin
Mathematiker	Mathematikerin
Maurer	Maurerin
Mechaniker	Mechanikerin
Mediziner	Medizinerin
Menschenfreund	Menschenfreundin
Metzger	Metzgerin
Mieter	Mieterin
Millionär	Millionärin
Minister	Ministerin
Mörder	Mörderin
Mörder	Möderin
Motorradfahrer	Motorradfahrerin
Musiker	Musikerin
Nachbar	Nachbarin
Nachlassverwalter	Nachlassverwalterin
Nachrichtensprecher	Nachrichtensprecherin
Naturschützer	Naturschützerin
Neurochirurg	Neurochirurgin
Patient	Patientin
Pfandleiher	Pfandleiherin
Pfleger	Pflegerin
Pförtner	Pförtnerin
Physiker	Physikerin
Physiotherapeut	Physiotherapeutin
Pilot	Pilotin
Platzwart	Platzwartin
Politiker	Politikerin
Polizeiobermeister	Pozeiobermeisterin
Polizeiobermeister	Polizeiobermeisterin
Polizist	Polizistin
Präparator	Präparatorin
Präsident	Präsidentin
Priester	Priesterin
Privatdetektiv	Privatdetektivin
Professor	Professorin
Programmierer	Programmiererin
Psychiater	Psychiaterin
Psychotherapeut	Psychotherapeutin
Radfahrer	Radfahrerin
Radiosprecher	Radiosprecherin
Reiseleiter	Reiseleiterin
Reiter	Reiterin
Rennfahrer	Rennfahrerin
Rentner	Rentnerin
Reporter	Reporterin
Rettungsschwimmer	Rettungsschwimmerin
Rezeptionist	Rezeptionistin
Richter	Richterin
Ringer	Ringerin
Romanautor	Romanautorin
Sänger	Sängerin
Schlagzeuger	Schlagzeugerin
Schmied	Schmiedin
Schmuggler	Schmugglerin
Schneider	Schneiderin
Schreiner	Schreinerin
Schriftsteller	Schriftstellerin
Schuhmacher	Schuhmacherin
Schulleiter	Schulleiterin
Schweißer	Schweißerin
Schwimmer	Schwimmerin
Segler	Seglerin
Serienmörder	Serienmörderin
Skiläufer	Skiläuferin
Soldat	Soldatin
Sozialarbeiter	Sozialarbeiterin
Spion	Spionin
Sportler	Sportlerin
Sporttaucher	Sporttaucherin
Statistiker	Statistikerin
Stellvertreter	Stellvertreterin
Stepptänzer	Stepptänzerin
Steuerberater	Steuerberaterin
Stricker	Strickerin
Student	Studentin
Surfer	Surferin
Synchronschwimmer	Synchronschwimmerin
Systemanalytiker	Systemanalytikerin
Systemanalytiker	Systemanalytikern
Tänzer	Tänzerin
Tanzlehrer	Tanzlehrerin
Tätowierer	Tätowiererin
Taxifahrer	Taxifahrerin
Techniker	Technikerin
Telefonist	Telefonistin
Tennisspieler	Tennisspielerin
Terrorist	Terroristin
Theaterdirektor	Theaterdirektorin
Toningenieur	Toningenieurin
Torwart	Torwartin
Totschläger	Totschlägerin
Trainer	Trainerin
Trompeter	Trompeterin
Tubaspieler	Tubaspielerin
Turner	Turnerin
Übersetzer	Übersetzerin
Übungsleiter	Übungsleiterin
Umweltschützer	Umweltschützerin
Vergewaltiger	Vergewaltigerin
Verkäufer	Verkäuferin
Verleger	Verlegerin
Veruntreuer	Veruntreuerin
Verwalter	Verwalterin
Vizekanzler	Vizekanzlerin
Wächter	Wächterin
Wahrsager	Wahrsagerin
Weber	Weberin
Weinkenner	Weinkennerin
Werksleiter	Werksleiterin
Werkzeugmacher	Werkzeugmacherin
Wildhüter	Wildhüterin
Wirtschaftswissenschaftler	Wirtschaftswissenschaftlerin
Zahntechniker	Zahntechnikerin
Zugschaffner	Zugschaffnerin
Zuschauer	Zuschauerin